distance_from_home,distance_from_last_transaction,ratio_to_median_purchase_price,repeat_retailer,used_chip,used_pin_number,online_order
5.53217041165217,1.4561401314719389,0.4844810206090671,1.0,0.0,1.0,0.0
2.550872534146431,1.0152995536921117,0.5620451621180789,1.0,0.0,0.0,0.0
0.3360255774732134,0.0339882166796361,0.2042233325351523,0.0,0.0,0.0,0.0
11.734509308000677,0.4291907859242763,1.9150063791791487,1.0,1.0,0.0,1.0
3.776986372417239,3.4065994670494386,1.9293632254362445,1.0,0.0,0.0,1.0
47.27274495495279,1.512241740274164,1.089891489602005,1.0,0.0,0.0,0.0
26.50852977053641,0.0785229600357243,0.1854174976705717,1.0,1.0,0.0,1.0
14.364908932341182,46.271522416887386,1.8179014984619704,1.0,0.0,0.0,1.0
8.69050969402128,0.2766665990879588,1.2972347799653023,1.0,1.0,0.0,1.0
79.12468893597622,0.3429762262048776,0.8709352809450859,1.0,0.0,0.0,0.0
2.886480313627607,0.0481802499709619,0.2940988417549654,1.0,1.0,0.0,0.0
17.96567121252903,0.8943468786533506,9.93341730968431,1.0,1.0,0.0,1.0
7.83295399352571,4.31222029945145,1.5970341942431538,1.0,0.0,0.0,1.0
13.08158929938114,0.8934638392758213,1.2428138584060673,1.0,0.0,0.0,1.0
6.936729537476638,2.074903497005773,0.6992072766498908,1.0,0.0,1.0,1.0
7.0170568276723015,45.11771932919067,0.6024222482384864,1.0,0.0,0.0,0.0
82.1749766128788,19.870013209453788,0.1495952096418974,1.0,0.0,0.0,0.0
2.22949155288576,12.398850361824437,7.063514408037897,1.0,0.0,0.0,1.0
1.3977153476754394,0.9121118148123726,2.055149676148268,0.0,1.0,0.0,1.0
11.304849767554812,3.505976366543773,12.829146035477496,1.0,1.0,0.0,1.0
12.053490939692564,0.3425972053770113,3.836767982343759,1.0,0.0,0.0,1.0
12.163160183372232,3.1756191382939827,0.7515745350175996,1.0,1.0,0.0,1.0
6.024216740324548,0.2843603318525251,0.6014070892552581,1.0,0.0,0.0,0.0
14.763726502336636,0.8555852147294336,1.219118593163539,1.0,0.0,0.0,0.0
0.0614019494005882,12.686334943920402,0.3632852619493649,0.0,0.0,1.0,1.0
1.215388798162669,3.315504023465893,0.1168744966812612,0.0,0.0,0.0,1.0
3.15045867457151,0.1943208365504533,2.206630071011568,1.0,0.0,0.0,0.0
3.272527897477909,0.3179928608719695,5.088577800485043,1.0,1.0,0.0,1.0
2.7711343565501068,1.2619720697431769,2.4482754910752496,1.0,1.0,0.0,0.0
69.01827039125149,2.898395806528939,1.7517624384636026,1.0,1.0,0.0,1.0
65.42038473885918,2.64508050685366,1.1426193782346803,1.0,1.0,1.0,1.0
5.890084170113225,0.3479907646345618,0.4817565339435576,1.0,0.0,0.0,0.0
4.450127342872092,0.2339938308477618,3.2267500139830245,1.0,1.0,1.0,1.0
6.346036059478116,0.3308500468749931,0.7710376845260379,1.0,0.0,0.0,1.0
6.786954656806474,0.0326482246832963,0.1605609007294061,1.0,1.0,0.0,1.0
7.046739366518462,2.194878912826611,0.8799565176478038,1.0,0.0,0.0,1.0
41.03809153248876,0.0414733384290665,0.1872034256205247,1.0,0.0,0.0,1.0
2.025672234963661,1.2729926363737716,0.5140495737180948,1.0,0.0,0.0,1.0
32.97156503285808,0.0354788482376916,0.0794114726707251,1.0,1.0,0.0,0.0
7.962799806136013,18.97620470827513,1.8614269092753208,1.0,0.0,0.0,1.0
3.860646196629519,2.7382961793697795,0.8292756654222523,1.0,1.0,0.0,0.0
24.64840487778485,0.0695418640952896,0.7577577799050642,1.0,0.0,0.0,0.0
10.324149742719609,0.1906867348603284,0.7949179242966071,1.0,1.0,0.0,0.0
11.908766592804716,0.592856703279658,3.728434422761111,1.0,0.0,0.0,1.0
4.804776613815868,2.0249569372986764,0.7216190015731777,1.0,0.0,0.0,0.0
2.87280978375609,3.231286548582461,0.9070551578274502,1.0,0.0,0.0,1.0
11.243662441041472,0.4033740389829869,0.4349292313776929,1.0,1.0,0.0,1.0
4.01895202636472,0.4055012235722588,2.050865684934966,1.0,0.0,1.0,1.0
1.0437941336586083,0.0329802622840664,9.696906193520132,0.0,1.0,0.0,1.0
0.6990663954936108,3.697661333704236,0.2390429677399703,0.0,0.0,1.0,1.0
15.21185484179164,0.4489419106602047,1.737332916817834,1.0,0.0,0.0,1.0
73.07926909272587,3.1175304128940846,1.1219240528744034,1.0,0.0,0.0,1.0
14.044389774797224,0.0070973530964027,1.8567220895170564,1.0,0.0,0.0,1.0
9.914939879678906,0.2008155546251986,1.1772683776237616,1.0,0.0,0.0,1.0
7.149817266631718,2.113174043486766,0.6648440453809711,1.0,1.0,0.0,0.0
38.555304894657006,5.856965441826414,0.1396662501048807,1.0,1.0,0.0,1.0
3.567872883458453,0.5225235748996917,0.4175807470893744,1.0,0.0,0.0,0.0
6.200626616594464,0.4757095240693361,1.4447762664094628,1.0,0.0,0.0,0.0
3.696311041949883,11.314012180987024,0.7391099661704081,1.0,0.0,0.0,0.0
2.819972034958894,0.0496734000899172,0.0382071508757804,1.0,0.0,0.0,1.0
3.698065535127791,0.2316523367510883,0.3910047177969615,1.0,0.0,0.0,1.0
5.277677603404054,0.2965113989734076,0.6525681305367114,1.0,1.0,0.0,1.0
2.204177584000385,0.770444724096094,0.6743661824609517,1.0,1.0,0.0,1.0
21.963302078928088,0.0116346144545207,3.5700851325006244,1.0,0.0,0.0,0.0
34.65160762629706,12.898646609640773,5.938583642814998,1.0,1.0,0.0,1.0
1.9555081189984536,10.708423122088416,0.785463439944439,1.0,1.0,0.0,1.0
26.137337832759084,0.1544602364543734,3.715178003815754,1.0,1.0,0.0,1.0
11.432767900913555,2.901935198806884,0.8662953532270122,1.0,0.0,0.0,1.0
4.814812729700107,0.1484352084393048,0.4949157246816233,1.0,0.0,0.0,0.0
7.039106900021524,11.271006937548018,0.2032759726458446,1.0,0.0,1.0,1.0
54.872317656016186,0.766228884915728,2.2374320802650787,1.0,0.0,0.0,1.0
19.0422334412252,0.1205944395686835,1.6689014770648969,1.0,1.0,0.0,1.0
20.51039262674014,1.954405255386356,0.2431553035599392,1.0,0.0,1.0,0.0
10.79453400462087,3.805399803477881,8.045333213876141,1.0,1.0,0.0,0.0
18.953624511113933,0.8236945432683928,1.7151105251615175,1.0,0.0,0.0,1.0
13.029385604394614,0.7143101343561963,0.7039424185343051,1.0,0.0,0.0,1.0
4.444533228589966,9.473564670734278,0.9115150374336056,1.0,0.0,0.0,1.0
10.843595558672874,13.980008197930802,12.938284604956802,1.0,1.0,0.0,0.0
4.118560724757472,0.3429364827635459,2.1198571406393,1.0,0.0,0.0,1.0
24.84789225419652,0.1346840044596169,1.4072279316603562,1.0,0.0,0.0,0.0
43.50457354383408,0.8653238454024882,26.28235722776872,1.0,0.0,0.0,1.0
2.5788205381111275,0.7935167351843166,1.2533548193435389,1.0,0.0,0.0,1.0
5.890039882528022,3.432842074793258,0.0670979129466524,1.0,0.0,0.0,1.0
2.0559199052181283,0.3938157398875954,0.4098592751662814,1.0,0.0,1.0,1.0
7.161571898789124,0.3520113232928596,0.517657046552765,1.0,1.0,0.0,0.0
6.634474170829569,0.2217766788045767,0.3927702885277395,1.0,0.0,0.0,0.0
260.49496079773854,1.0116915595448792,0.2219892383234017,1.0,0.0,0.0,0.0
12.574741662312032,0.9918681919820496,0.7206182064186463,1.0,0.0,0.0,1.0
368.7659741782667,0.0765457745863231,0.0932709196626912,1.0,0.0,0.0,1.0
40.15791505203871,0.1544510232027329,0.9390930756622548,1.0,0.0,0.0,1.0
5.738431394766612,0.3547185990466779,0.5091742189607487,1.0,0.0,0.0,1.0
3.8059770194374334,0.1225110911108708,3.910338742424817,1.0,1.0,0.0,1.0
11.533550109150026,0.6418089638478987,12.830142905191208,1.0,0.0,0.0,1.0
16.589263531968058,0.2773191988340822,0.3988667132003226,1.0,0.0,0.0,0.0
20.39833747581841,7.374366340709237,1.475377047426388,1.0,0.0,0.0,1.0
5.935913109659629,0.289500094567246,1.727205084323302,1.0,0.0,0.0,1.0
42.25635312654445,1.1426733699146971,19.26351050755904,1.0,1.0,0.0,1.0
5.347167181526945,0.9616537057119836,2.9693082462056,1.0,0.0,0.0,0.0
3.5528330066891463,0.3159448162700574,0.5085911669720095,1.0,0.0,0.0,1.0
10.22252492265318,2.053377272008823,0.3286234232927568,1.0,1.0,0.0,0.0
2.3876639212003195,2.749115181501246,0.2352913679644002,1.0,0.0,0.0,1.0
4.2605200819356375,0.8999294897548474,3.9000525701208,1.0,1.0,1.0,1.0
7.007324928767676,1.1072856227942796,2.776921369620227,1.0,1.0,0.0,1.0
16.800874507967137,44.90706896577118,0.725593769661512,1.0,0.0,0.0,0.0
7.486826712562196,0.0079283679152796,2.1461409410589614,1.0,1.0,0.0,1.0
0.5542006804871554,0.0133463420319181,0.1497141070507688,0.0,0.0,0.0,0.0
36.40574131287753,0.2513404097727898,0.2956850096686484,1.0,0.0,0.0,1.0
4.651925780628794,4.399115128753995,0.7220774473198552,1.0,0.0,0.0,0.0
54.924205314777424,0.0853331811910012,0.414372267193902,1.0,1.0,1.0,1.0
3.79298111461952,1.7904487985784514,2.38808358908756,1.0,0.0,1.0,1.0
38.76840269134448,0.0761239426961962,3.6275182398142687,1.0,0.0,0.0,1.0
21.465318269642424,2.838584005839349,3.2993861273332685,1.0,0.0,0.0,1.0
458.22157021690856,0.4478976283227003,0.1067693046325575,1.0,1.0,0.0,0.0
2.9278059391125213,0.658687847390081,1.896269566658089,1.0,0.0,0.0,1.0
4.653169265509006,20.414203813507104,0.9259997504343008,1.0,0.0,0.0,1.0
34.9762152358547,0.3538648356422116,0.8992985864617146,1.0,1.0,0.0,0.0
1.9502282179121169,1.421782896967391,1.0586807179574855,1.0,0.0,0.0,1.0
32.36756143514187,1.5425647957521946,1.108995816130908,1.0,1.0,0.0,1.0
4.554096471615059,0.556677147930956,1.5558373904792695,1.0,0.0,0.0,1.0
3.309156939169323,3.0965238874744005,1.1232855246945992,1.0,1.0,0.0,0.0
17.30166279243982,2.3916342316491983,1.6480824244647698,1.0,0.0,0.0,1.0
11.466748503087535,0.1082572380926778,1.0138822369510865,1.0,0.0,0.0,1.0
81.77737673617126,0.0060333545809433,0.8726493150019771,1.0,0.0,0.0,1.0
15.99118088854688,0.6869197294915751,0.0986825271380123,1.0,1.0,0.0,1.0
30.12655517360125,0.9928683755132934,0.6292346191575102,1.0,0.0,1.0,0.0
4.136899887674309,2.18016269878584,3.7219028909631535,1.0,0.0,1.0,0.0
2.2565487222682936,0.1344485858134102,0.9823479142280952,1.0,0.0,0.0,1.0
13.138405583539958,0.7778246043318349,3.1794460325924567,1.0,1.0,0.0,1.0
7.472160209782626,0.9361305010346808,2.433531375774991,1.0,0.0,0.0,1.0
11.946398115937315,0.7646609394268713,0.4852271318692002,1.0,1.0,0.0,0.0
3.720808726678475,0.4165325418846218,0.4012584881212656,1.0,0.0,0.0,1.0
16.632035143274678,0.4210920034449928,4.292576082381534,1.0,1.0,0.0,0.0
42.11565905613133,3.431314139641111,2.365898650406923,1.0,0.0,1.0,0.0
61.894053328944224,0.0348711191307995,5.826514992713505,1.0,0.0,0.0,0.0
3.079567082855977,4.084730689914345,0.2353450938538259,1.0,0.0,0.0,0.0
1.0606650655487433,5.301530304893526,0.7348185817560831,0.0,0.0,0.0,1.0
3.670192764113926,0.1389579012577238,3.197689538441436,1.0,0.0,0.0,1.0
18.058348712412183,0.6309359403653241,0.157374625831375,1.0,0.0,0.0,1.0
3.5541449610945084,2.337686972769532,2.102785210779969,1.0,0.0,0.0,0.0
18.325395872502657,4.955674520657459,0.9074708964390568,1.0,1.0,0.0,1.0
8.173615300505942,0.4710560454191578,0.9998470137054926,1.0,1.0,1.0,1.0
0.7996424606143223,2.9796492835451582,1.9970465773427089,0.0,0.0,0.0,0.0
11.188619151665248,1.4925361265290955,0.7974462643246495,1.0,1.0,0.0,1.0
12.394211424202972,9.4032392725935,0.2300223524418477,1.0,0.0,0.0,1.0
20.410553790119696,2.7549035142662968,0.336347591897363,1.0,0.0,0.0,1.0
4.58867563427819,2.5811868100362663,0.3932037582203776,1.0,0.0,0.0,1.0
15.974426597726998,0.7002828955541305,3.53014072813046,1.0,0.0,0.0,0.0
4.069339230045737,25.445253427038185,0.5995862634976996,1.0,1.0,0.0,0.0
16.976597697101887,148.91338229453055,2.5254683406520164,1.0,0.0,0.0,0.0
3.3387219284538534,2.781494426190424,0.5489648689109394,1.0,1.0,0.0,1.0
13.425610491840343,0.7788821200244831,1.248923204930783,1.0,1.0,0.0,1.0
12.294792930770596,0.9996112224081142,3.0687526341699938,1.0,0.0,0.0,1.0
6.337723544284646,1.668681575525244,1.58675664109778,1.0,0.0,0.0,0.0
0.5024236672606407,0.4430383397378826,0.2494459982656142,0.0,0.0,0.0,1.0
107.65623863188812,0.8254871321867134,1.3747623138096927,1.0,1.0,0.0,1.0
25.46168533106037,8.547400704578033,0.1581634834240624,1.0,0.0,0.0,1.0
2.1811507403332544,0.6401067271794849,0.8755804158927625,1.0,0.0,0.0,1.0
33.553157126491485,38.87820387490338,0.4237861965075646,1.0,0.0,0.0,1.0
10.438652129895646,7.86527756097896,4.557713045504713,1.0,0.0,0.0,1.0
2.218938492817932,0.0149287462439023,0.4664529500274413,1.0,0.0,0.0,0.0
13.407497128334937,0.9497784577407578,0.5617721677850981,1.0,1.0,1.0,1.0
3.969379838692805,0.8399013905179408,2.6900122163355853,1.0,1.0,0.0,0.0
24.20412975619853,3.5077234034365654,0.3451375756182415,1.0,0.0,0.0,1.0
9.017916757603786,2.162285277303836,2.589223424044145,1.0,0.0,0.0,1.0
1.621401657803547,2.967992480343461,0.2479855537473423,0.0,1.0,0.0,1.0
21.554410504095426,735.0819881243428,4.735295245149044,1.0,0.0,0.0,0.0
12.827334565817702,0.0330719832773438,0.9110355673044775,1.0,0.0,0.0,1.0
4.058703990274212,0.0479291328474953,0.4395102537674416,1.0,0.0,0.0,0.0
1.309371159407872,0.1866893523295324,0.4652378471409319,0.0,0.0,1.0,1.0
14.56373930652762,0.2744363521274297,1.673950670458671,1.0,0.0,0.0,1.0
37.81853177414257,0.61486720239768,0.1936141900333377,1.0,0.0,0.0,0.0
3.3960120054173912,34.77937254993085,1.5516131613104247,1.0,0.0,0.0,0.0
15.980837539200834,2.731702065369993,0.5014615797529252,1.0,0.0,0.0,0.0
68.8045141718382,1.5805081374263532,12.218741881475776,1.0,1.0,0.0,1.0
2.268254846813579,0.0543487829883348,1.2489761295460473,1.0,0.0,0.0,1.0
22.14229429631546,10.090239199639642,1.9075417942462067,1.0,0.0,0.0,0.0
3.340434769978814,0.430003159133291,1.691910148823759,1.0,1.0,0.0,0.0
9.863263843658563,5.134334741281256,0.9337932749877292,1.0,0.0,0.0,0.0
2.9897563326105163,0.0966900896022101,3.044807620220667,1.0,0.0,0.0,1.0
30.213343016765524,0.0421236686001037,0.3214326320231552,1.0,1.0,0.0,0.0
9.89555913317683,0.0264862790824485,0.5638831039395955,1.0,1.0,0.0,1.0
9.813698709163962,0.3008631222514905,1.0042248950892028,1.0,1.0,0.0,1.0
2.096263750398444,1.8269472273192868,0.6385863398354669,1.0,0.0,0.0,1.0
16.032895370969715,0.6421293669568733,9.91233653159768,1.0,0.0,0.0,1.0
12.436798379916224,0.8072938149871299,2.5610711627676235,1.0,1.0,0.0,1.0
17.43521942411651,10.652761745207115,8.341987507685516,1.0,0.0,1.0,1.0
10.628920862911956,0.92951033739743,1.8697300846695224,1.0,0.0,1.0,1.0
51.80785025782568,0.1285992774660539,0.4752604558155819,1.0,0.0,0.0,0.0
29.304901409492967,0.4055759659660199,0.5699972526974769,1.0,1.0,0.0,0.0
9.765849183458062,0.2213541974863298,1.226253481696378,1.0,0.0,0.0,0.0
27.66858719736156,0.7023732273939451,1.9942454220664267,1.0,1.0,0.0,1.0
2.038274227715149,3.947385263291423,1.5909395812097546,1.0,1.0,0.0,0.0
13.501857208242123,3.760422588676815,1.116506898697934,1.0,0.0,0.0,0.0
1.3468981446795545,0.8621722216955164,0.146535012449545,0.0,0.0,0.0,0.0
57.11270455008205,9.98912061567326,3.034295764345728,1.0,1.0,0.0,1.0
3.8649070257210414,1.1405083830958689,2.184557975554988,1.0,0.0,0.0,0.0
0.917658316889634,0.9195058508652918,0.1699092114735962,0.0,1.0,0.0,1.0
1.352646050364653,5.626305854962238,3.512257846999173,0.0,0.0,0.0,0.0
6.953599929431082,2.335388801144447,0.405052758044866,1.0,1.0,0.0,0.0
128.89576813984317,0.3654330769370295,0.8420611034634699,1.0,1.0,0.0,1.0
4.658548594446168,2.5590165643847653,0.261184258473824,1.0,1.0,0.0,1.0
2.545774472128712,16.70280047467648,0.3588819323277759,1.0,0.0,0.0,0.0
59.72064093832756,42.98837987408118,0.5247967607487445,1.0,0.0,0.0,1.0
9.999814083157396,2.2105379947598784,0.6716928639616178,1.0,1.0,0.0,1.0
13.939848688377344,0.497242940116234,0.4540643245866692,1.0,1.0,1.0,0.0
10.207783628210017,13.934679114337852,2.0286954711127496,1.0,0.0,1.0,1.0
6.160592997947228,1.4468174358013235,0.8107575820902447,1.0,0.0,0.0,0.0
8.184104322098241,2.708399459235748,0.1690177197666586,1.0,1.0,0.0,1.0
19.92351234012874,0.9786114555458854,0.2031296254644177,1.0,0.0,0.0,1.0
7.494015696019973,0.3305053654161016,0.9343967073818856,1.0,1.0,0.0,1.0
5.667266232256788,11.580171616634749,0.6622442567848241,1.0,0.0,0.0,1.0
8.455655380494367,0.8283002995477678,0.474910808499621,1.0,0.0,0.0,0.0
0.5763055736641517,1.1131941848017832,2.4240123188201763,0.0,0.0,0.0,1.0
7.57059183060611,0.4093908508738608,0.6792439202988557,1.0,0.0,0.0,1.0
3.017768767887862,0.6917317564752616,0.9362961192571212,1.0,0.0,0.0,0.0
107.38934019443955,6.917869958643413,0.1276947034837353,1.0,0.0,0.0,1.0
8.943082753386346,0.9879634369725352,3.110941842157047,1.0,0.0,0.0,1.0
3.3211297931180424,3.7768297385968985,0.5738920419243236,1.0,1.0,0.0,1.0
20.01143971055316,3.765861084938083,0.1634998908949977,1.0,0.0,0.0,1.0
25.18797094641109,1.4757055433551585,2.169457963215095,1.0,1.0,0.0,1.0
4.470950840977553,1.801629120494341,1.7827750316267168,1.0,0.0,1.0,1.0
0.9555225652736172,2.405215374713937,0.6900965425352805,0.0,0.0,0.0,1.0
0.616784401002791,0.7004717434828253,0.5918578152825786,0.0,0.0,0.0,1.0
9.613956274166831,0.537924151003295,3.4911885614610845,1.0,0.0,0.0,0.0
7.504427570265322,1.1067770727355672,0.8197440794223358,1.0,1.0,0.0,1.0
0.4001879258939929,0.1609538023243095,0.1905899269802139,0.0,1.0,0.0,1.0
28.450110865288075,0.6160441999684962,3.501096875963055,1.0,1.0,0.0,1.0
25.847508424369497,4.281655517799504,1.0950529647437266,1.0,0.0,0.0,0.0
41.708371822063874,3.092809217708861,1.3004201168467855,1.0,0.0,0.0,0.0
5.344603208991786,0.1964089445263178,12.416462905776177,1.0,1.0,0.0,1.0
14.84750992556336,0.2990829395811376,0.2452863788205397,1.0,0.0,0.0,0.0
5.24297385592363,0.0657477296296394,0.3104085390116534,1.0,0.0,0.0,0.0
1.917531053540882,0.7144646136977237,0.6861166351585523,1.0,0.0,0.0,1.0
201.1460048446216,0.4731653351685121,1.3475427453096989,1.0,0.0,0.0,0.0
32.15364286893804,0.1535519224675613,0.5734462832677021,1.0,0.0,1.0,1.0
3.778749948952802,23.33089684978252,0.6162592965698447,1.0,0.0,0.0,1.0
1.36442578158627,0.5767224366087439,1.3827213919343704,0.0,0.0,0.0,1.0
3.281531424404581,0.6644793136695913,0.5211934574354293,1.0,1.0,0.0,1.0
50.77011285618291,4.13315133730378,0.1067526305095317,1.0,0.0,0.0,0.0
16.141124335469893,11.01707475475905,1.7474869072929031,1.0,1.0,0.0,1.0
12.490740758996662,3.583834924219597,1.7505807992358715,1.0,1.0,0.0,0.0
27.043053818306007,0.2525587650958398,0.5322912044630802,1.0,0.0,0.0,1.0
108.70598802474449,0.1294100165977372,0.5538230026290726,1.0,0.0,0.0,1.0
1.5040446080321652,2.2546992084425543,2.451849132870293,0.0,0.0,1.0,0.0
28.76321414563016,0.3497408517137008,2.840213329186264,1.0,1.0,0.0,1.0
18.850257797466288,1.009428172976633,0.8008822744062333,1.0,0.0,0.0,1.0
3.793581823979693,0.0280835117397371,1.0211023933920331,1.0,0.0,0.0,1.0
15.109458671232431,0.9829198983608248,0.0225712798161865,1.0,0.0,0.0,0.0
29.721224496813125,0.049914347770603,0.7873900928751887,1.0,0.0,0.0,1.0
6.228497626368999,2.3168655308360804,1.0497283296876123,1.0,0.0,0.0,1.0
7.538130761965159,1.8069903929334543,0.1851366676167217,1.0,1.0,1.0,1.0
180.12339446146194,2.082487825358992,0.5629678067218642,1.0,0.0,0.0,1.0
1.6360847056788017,1.128333581298575,1.0220500766816398,0.0,0.0,0.0,1.0
10.32949903381776,0.2266472992953305,0.7547541702369631,1.0,0.0,0.0,1.0
17.502733773110133,0.1134434657733887,0.482323947361356,1.0,1.0,0.0,0.0
44.89158291801681,1.8880357451134449,1.407274635384461,1.0,0.0,0.0,1.0
56.46049126190276,13.590367508228336,8.85600893538917,1.0,0.0,0.0,1.0
5.084453052059272,90.10735419549783,2.917920479640845,1.0,0.0,0.0,1.0
10.14257402987203,0.0373882051714439,0.151216418538712,1.0,0.0,0.0,0.0
4.846732209553989,0.7060093720438408,0.484982540260636,1.0,0.0,0.0,1.0
3.160882585786748,0.6282607433765725,3.54498705077829,1.0,0.0,0.0,1.0
194.36781614318343,2.052477456316552,1.2556954213632965,1.0,0.0,0.0,1.0
2.855737286561329,0.3670338597015368,0.4691936167773111,1.0,1.0,0.0,1.0
56.15751876243653,30.44135082246652,7.277103133220638,1.0,0.0,0.0,0.0
6.952661255288337,0.0727137879015492,0.4561603624013083,1.0,0.0,0.0,1.0
20.46959344392927,1.631960537382969,0.773800724804336,1.0,0.0,0.0,1.0
35.616329570644304,2.1260201807875108,2.6078125048744525,1.0,0.0,0.0,0.0
10.679456515761894,0.7276768792031689,0.2456981238513458,1.0,0.0,0.0,1.0
12.11298444353332,0.3877287332905486,3.1196054409385487,1.0,0.0,1.0,1.0
1.2161927255817966,1.7722409990942738,0.258747590242371,0.0,0.0,0.0,1.0
2.2269422979727804,0.4202221756638846,0.4727410891381968,1.0,0.0,0.0,1.0
8.573601390459935,0.0744318509447575,0.5465345794872456,1.0,0.0,0.0,1.0
6.25948528501049,0.034576043126656,0.674955488710434,1.0,1.0,0.0,1.0
3.3451781649880683,0.4569842306369523,0.7257424469725537,1.0,0.0,0.0,1.0
7.686309937823768,0.2337665737697511,0.3756037219065548,1.0,0.0,0.0,1.0
8.71401903608567,0.5300255342066581,4.488955196405679,1.0,0.0,1.0,1.0
87.09120800990168,3.248447136832968,2.400442426522582,1.0,1.0,0.0,0.0
1.0723387502346795,4.946839580759213,0.374280802306115,0.0,0.0,0.0,0.0
5.907032855681599,1.389843124703682,0.4313630402921383,1.0,1.0,0.0,1.0
3.863049719891087,5.38405213097397,1.196607420292923,1.0,0.0,0.0,1.0
99.24828186943978,3.929172526780338,3.0773510383116536,1.0,0.0,0.0,1.0
5.28152411826731,0.079916261259498,0.6505078721116729,1.0,0.0,0.0,0.0
11.752807831375584,42.82039912876252,3.9238399801063455,1.0,1.0,0.0,0.0
0.7235618348836161,0.3632844039314161,0.9899015643441296,0.0,1.0,0.0,1.0
1.467861611740408,2.258593668192708,0.5982865068259521,0.0,1.0,0.0,1.0
41.02077583581802,0.5036157705482757,3.6087881528472447,1.0,0.0,0.0,1.0
4.973004965290117,3.331568768878307,1.7796095556379936,1.0,0.0,0.0,0.0
2.1209922744904937,1.3472534396237064,0.9628077866065844,1.0,0.0,0.0,0.0
28.533834642223464,17.52105518033174,1.5760242540683007,1.0,0.0,0.0,1.0
14.384198428380069,0.1844564780235595,1.7392574519559356,1.0,0.0,0.0,0.0
5.352212509937193,0.4520446861372428,0.3380121686945003,1.0,0.0,0.0,0.0
2.782065517210095,0.7610270035519036,3.25659911726387,1.0,1.0,0.0,1.0
147.56069900758897,6.923014956278176,0.4677486564138072,1.0,0.0,0.0,0.0
11.626171457225254,0.3014895163798515,0.3777240968843168,1.0,1.0,0.0,0.0
4.292593532569209,1.9784114020926244,0.8204700907256364,1.0,0.0,0.0,1.0
4.611590139846322,0.5988771855299714,3.1212952142136694,1.0,0.0,0.0,1.0
16.936917991986018,2.017156855076119,1.0313163375222902,1.0,0.0,1.0,1.0
11.20151801101814,3.33076033612378,5.412226720866991,1.0,0.0,0.0,0.0
51.98537351484216,1.9627946727137828,1.5136082001971891,1.0,0.0,0.0,1.0
20.12481358041105,0.684632186045207,2.2535641481706694,1.0,0.0,0.0,1.0
17.45516105985722,0.0675291232289281,0.2733285795058983,1.0,0.0,0.0,1.0
5.014926650572298,0.1931024710912219,0.1907911752988171,1.0,1.0,0.0,1.0
1.4937359368415302,0.6237383080371752,0.6749058811227419,0.0,0.0,1.0,0.0
80.06745281322965,3.835912503098086,5.4022328662074806,1.0,0.0,0.0,1.0
20.01328068061573,0.113924397899845,1.51317915282975,1.0,0.0,0.0,0.0
5.379820146938185,0.3213899760625716,2.4279361792066454,1.0,1.0,0.0,1.0
35.14153297737522,21.423012365786484,0.5215340681154053,1.0,0.0,0.0,1.0
16.654595818508152,1.576792968982631,1.76415238998993,1.0,0.0,0.0,1.0
26.879113808642305,0.1758736419643237,2.4363222714684905,1.0,0.0,0.0,0.0
4.139658997347037,0.1920809918710941,0.5020700592746896,1.0,0.0,1.0,1.0
18.38279630795005,27.75830194429152,0.3971580073912364,1.0,1.0,0.0,0.0
55.20411394398893,0.5467441025832627,0.4724072823301512,1.0,1.0,1.0,1.0
5.899220816024122,5.006388673970094,6.569364100423112,1.0,0.0,0.0,0.0
2533.379583340251,0.2103441760595918,0.4805042284889032,1.0,0.0,0.0,1.0
20.58846849212382,0.1254489017104275,1.2427806582364542,1.0,0.0,0.0,0.0
6.370038904764815,0.8786196506807018,0.6922028568303973,1.0,0.0,1.0,0.0
1.074343388643213,6.678350598483073,3.31800803875252,0.0,0.0,1.0,1.0
33.45763163673489,0.1450270334884032,0.5051537803550272,1.0,1.0,0.0,1.0
102.1385686347644,1.2594557320439523,2.7069037929931823,1.0,0.0,0.0,0.0
2.4356028780262284,9.277629745295611,0.8969583177050393,1.0,1.0,0.0,1.0
13.26241131809729,0.7294861504037087,0.6149848054866518,1.0,0.0,0.0,0.0
22.95412897666963,0.7309784943604801,0.5308355275476603,1.0,0.0,0.0,1.0
9.414567320848214,1.5141585975185274,1.6097192754583671,1.0,0.0,0.0,1.0
9.17594958858684,2.247589654391177,0.7318373490559954,1.0,0.0,0.0,1.0
4.079181740768812,0.7781639476670107,0.2738104737561833,1.0,0.0,0.0,0.0
25.356776726865608,1.248519140412002,0.8510479995057025,1.0,0.0,0.0,1.0
40.03381132512682,0.0444110345998002,0.6986494950504056,1.0,0.0,0.0,1.0
20.53379103045965,2.7707721760269752,0.9603601708315408,1.0,0.0,0.0,1.0
9.96039335016465,0.0394762643160699,0.2844825531466159,1.0,0.0,0.0,0.0
4.355438877214387,3.4846870814725843,0.3299004255578969,1.0,1.0,0.0,1.0
35.44478558499111,0.527878703633057,2.78731916309279,1.0,1.0,0.0,0.0
13.139743112084746,3.668250658337679,0.9496838496141512,1.0,0.0,0.0,0.0
0.8389794860385801,2.0707182798569512,0.2169050275485323,0.0,0.0,0.0,0.0
3.327878977572081,0.2971534204849562,1.682160459341396,1.0,1.0,0.0,0.0
21.75180698443252,0.3645895267593457,3.1543426492274644,1.0,1.0,0.0,1.0
137.04805213935677,0.3157437127891973,2.541013865803761,1.0,1.0,1.0,1.0
0.6541589449530484,0.3479471481898167,0.7570958511889391,0.0,1.0,1.0,1.0
8.912956593791089,0.2702671565541037,3.810695307239014,1.0,0.0,0.0,1.0
1.3686094338619597,4.080956209734372,0.3517511890366794,0.0,1.0,0.0,1.0
110.17174825725913,0.9045026865323018,0.6945785680295695,1.0,0.0,0.0,0.0
5.187393544933427,0.652085773115421,2.543161193649967,1.0,0.0,0.0,1.0
21.90516708391545,8.272882306538673,2.269927292890396,1.0,1.0,0.0,1.0
24.857938684325955,0.8289536660936054,1.605866005111026,1.0,1.0,0.0,1.0
2.539242913655818,0.0691810553671923,10.75127772758226,1.0,0.0,0.0,0.0
44.00176069356973,5.382181644845411,0.1352618870087049,1.0,0.0,0.0,1.0
12.923331358835595,0.0149528891344048,0.7320304627736073,1.0,1.0,0.0,0.0
31.97282992879581,0.0846848689771364,1.1004727450297005,1.0,1.0,0.0,0.0
5.61173648851776,0.1288247624588634,0.34808084600135,1.0,0.0,0.0,0.0
84.31097710615211,0.0788124056862574,3.966317781712133,1.0,1.0,0.0,0.0
35.52060105946048,0.0853152703820276,0.4388715609699437,1.0,0.0,0.0,1.0
10.859227633349017,0.9762578835068876,1.7667195583863509,1.0,0.0,1.0,1.0
8.205414657037009,2.0339562810607217,6.027926090647994,1.0,0.0,0.0,0.0
22.571201959067626,0.6505444425077215,1.0788396739594466,1.0,1.0,0.0,0.0
5.148332213821622,0.9816050029664556,0.4952026602718622,1.0,0.0,0.0,1.0
13.375751804373229,0.06019067713866,18.77126461407916,1.0,0.0,0.0,1.0
2.0255466474719306,0.8783506468616187,1.263384236075256,1.0,0.0,1.0,1.0
3.031440582885418,0.0532247296983467,0.688248543996147,1.0,0.0,0.0,1.0
38.06115385461316,0.0182422073765147,0.8132449529788522,1.0,0.0,1.0,1.0
2.560900602451209,0.2668188403987254,1.1015802159094137,1.0,0.0,0.0,1.0
5.287885898140602,0.9221826159578556,0.3775195188878899,1.0,0.0,1.0,1.0
11.713313280321026,0.9995570494541234,0.1090229015257639,1.0,0.0,0.0,1.0
9.503267542659025,24.12168302642651,0.4882408479919947,1.0,0.0,0.0,1.0
32.97910264756592,0.5557221788706266,0.8755277337159683,1.0,0.0,0.0,0.0
1.5564972534300976,1.73643681703354,0.7690234967514917,0.0,0.0,0.0,1.0
1.5758581420263087,0.8722240488700923,7.400029584440404,0.0,1.0,0.0,1.0
4.817588014962248,0.9179879319860184,0.1887347808208548,1.0,0.0,0.0,1.0
3.480401994931764,0.1450358913500804,1.8271246486997512,1.0,0.0,0.0,1.0
40.01737985209597,8.698319471843304,6.18225231899591,1.0,1.0,0.0,1.0
5.784896960174802,1.2482919089128774,4.948096151041711,1.0,1.0,0.0,1.0
2.6478006678933945,0.729227902829306,0.5010111347420843,1.0,0.0,0.0,0.0
0.8897745297957671,0.6679892523122916,0.6824748439667073,0.0,0.0,0.0,1.0
13.28401998496782,0.8177865986814273,0.1541563475497552,1.0,0.0,1.0,1.0
12.083445915151136,1.438409334403814,0.1368317180347365,1.0,0.0,0.0,1.0
16.20930864686456,2.396735404640775,2.587059502060024,1.0,0.0,1.0,1.0
1.699062837215513,1.7862765725764138,0.8011009237724507,0.0,0.0,0.0,0.0
1.7188816768313957,1.1097322847446445,1.919840153460301,0.0,0.0,0.0,1.0
52.28239247438109,1.885870955418628,6.8412255570586415,1.0,1.0,0.0,1.0
12.700477078813876,1.6427998044156509,0.2925370468382311,1.0,0.0,0.0,1.0
264.9507694344477,2.6485812029794538,1.803438359080996,1.0,1.0,0.0,1.0
90.40792456660289,1.9325029849951392,1.3354604182745775,1.0,0.0,0.0,1.0
25.86643486455377,28.03816389597701,0.2820348452827662,1.0,1.0,1.0,0.0
28.91405530096525,1.853300582791368,1.6841808387451236,1.0,0.0,0.0,1.0
69.64177606882375,0.8684961108986219,1.184033741989441,1.0,0.0,0.0,1.0
3.9961240252352384,1.4796754570325334,1.284013074161257,1.0,0.0,0.0,1.0
15.780371891868588,0.131894156892273,0.4814663228180488,1.0,1.0,1.0,1.0
9.625166366282468,2.9426503839637848,0.3767651597111585,1.0,1.0,0.0,1.0
1.9080869609456097,0.5032417895520375,0.5775871724766931,1.0,0.0,0.0,1.0
30.8614686781682,0.1298543353549169,0.0780364993633885,1.0,1.0,1.0,0.0
2.276513974929007,2.3016816488099483,0.3205860318781002,1.0,0.0,0.0,0.0
38.62063719731842,0.283971564103108,0.9239316456551092,1.0,0.0,0.0,1.0
15.478216916757487,12.28236086578027,0.6671662408141575,1.0,0.0,0.0,1.0
47.66478650891828,3.3792383427217088,6.414193146592407,1.0,1.0,0.0,1.0
2.228677537450736,0.1057547213292424,0.1861069949454875,1.0,1.0,0.0,1.0
3.295802509507281,0.2176288041597535,2.2088061413191658,1.0,0.0,0.0,1.0
4.420198584894059,0.4298369165846492,0.1201525520026123,1.0,1.0,0.0,1.0
4.096510339324975,2.0696458956037227,0.7208762389235452,1.0,1.0,0.0,1.0
77.94623610408338,0.0950704856613626,1.3737934263039602,1.0,1.0,0.0,0.0
4.102483893502308,0.6352409154041498,0.9513173652326268,1.0,0.0,0.0,0.0
2.896268644046328,62.11985889958549,1.3112793510701528,1.0,0.0,0.0,1.0
38.61389221468182,0.553005424471307,6.696476263067877,1.0,1.0,1.0,1.0
8.11827127812445,1.23879592885037,3.11039359340966,1.0,0.0,0.0,1.0
2.6008033455903545,0.5497353244446416,0.5019649545012673,1.0,0.0,0.0,1.0
19.617300548227185,3.3247214682699884,2.527413378553843,1.0,1.0,0.0,1.0
22.33288490154157,0.2435999587708807,0.1712654731069733,1.0,1.0,0.0,1.0
92.88204443868264,2.0960513377843526,0.3639174159369048,1.0,0.0,0.0,1.0
62.07811291307034,1.33152816763969,4.364945255366724,1.0,1.0,0.0,1.0
2.747893085903656,11.398028434301526,0.3441301304247895,1.0,1.0,0.0,0.0
44.61551637853071,0.385387902082139,1.1129304216008196,1.0,0.0,0.0,1.0
109.17474079417129,2.269299528732616,0.2163625687080208,1.0,1.0,0.0,1.0
2.5011546881851734,1.2278114060844487,1.3336606109251283,1.0,0.0,0.0,0.0
5.692439862269613,0.2889781429479644,0.8937925236442029,1.0,1.0,0.0,1.0
14.39248849382856,3.189536029941971,2.239551278675727,1.0,1.0,0.0,0.0
1.9523603885297065,0.1638243038238417,8.055064931075277,1.0,0.0,0.0,1.0
14.047574974440884,6.474986091164398,1.1510378554692284,1.0,1.0,0.0,0.0
1.9867061229940723,0.583268740056463,6.407891454237787,1.0,1.0,0.0,1.0
36.85031040596833,0.8853660706075615,0.7192349732927747,1.0,1.0,0.0,0.0
6.57443740269737,0.3171252300776144,0.7850106233999626,1.0,1.0,0.0,1.0
10.720194879796932,0.7967178157630123,0.2259459542936987,1.0,1.0,0.0,1.0
8.329025024871088,0.3515470368339562,0.2820837320347311,1.0,0.0,1.0,1.0
15.781527254163874,2.938951587284164,2.156980434502139,1.0,0.0,0.0,0.0
5.440317220521906,6.318472678054289,0.5808172155411396,1.0,1.0,0.0,1.0
2.76141475845136,19.284864487149594,0.83482613754233,1.0,0.0,0.0,1.0
2.0886793950169515,1.9584183629943457,3.5747330770551065,1.0,1.0,0.0,1.0
10.549341804244984,0.0443477279487628,0.6521348415172198,1.0,1.0,0.0,0.0
42.0366124050048,0.8463298769351647,0.7077237818509,1.0,0.0,1.0,1.0
36.22043738898026,0.16414299687773,1.7076818366004758,1.0,1.0,1.0,1.0
0.9583475324589544,0.6140060504189767,0.2821479044985547,0.0,1.0,1.0,1.0
7.444093538288148,0.2611827179966552,11.443829535627469,1.0,1.0,0.0,1.0
1.429700946315045,0.7864078325369365,0.7669053241467122,0.0,1.0,0.0,0.0
27.85948569338828,1.1843985538775048,0.4757358345551867,1.0,0.0,0.0,1.0
47.92389649023982,2.0917061858979955,1.7790580931786526,1.0,0.0,0.0,0.0
2.8915154721399805,1.9714193677688472,14.537608603143086,1.0,1.0,1.0,0.0
16.566814416726082,0.3497096882678051,6.403377163037835,1.0,1.0,0.0,1.0
55.39948351804991,1.0219519094428997,0.1078360603252719,1.0,1.0,0.0,1.0
11.417205295388356,0.319032065480339,0.8616846036883432,1.0,0.0,0.0,1.0
13.87123073883598,0.054976151149456,0.640599131199003,1.0,0.0,0.0,1.0
1.3953678943124517,4.846881893925199,0.1831662384362885,0.0,0.0,0.0,1.0
8.665499661533255,0.2187012035824067,1.178135605826046,1.0,0.0,0.0,1.0
74.92945761992365,1.7358415068648403,3.131960252001041,1.0,0.0,0.0,1.0
15.27916131642865,0.1542674828801604,0.9353532330754228,1.0,1.0,0.0,0.0
175.59103346644474,2.759340291048082,1.7025182466036142,1.0,0.0,0.0,1.0
51.4605316976394,0.0424991317174551,1.151767668071449,1.0,0.0,0.0,1.0
208.53458998374705,12.029234892611123,0.1676326320366837,1.0,1.0,0.0,1.0
3.957170632444575,63.36987082514035,4.768071141246559,1.0,0.0,0.0,0.0
30.11255925546255,7.839374532642946,4.327822895788652,1.0,0.0,0.0,1.0
27.322380237489604,0.452674140733042,0.3989005138748796,1.0,1.0,0.0,0.0
59.68950287545979,0.8626831323612687,0.4919572576400219,1.0,1.0,0.0,0.0
3.1468527140765383,0.5905332074326626,0.6599044796102194,1.0,1.0,0.0,0.0
4.583110815741697,11.045360899596249,0.3633660864042241,1.0,0.0,0.0,1.0
18.615862053136382,1.5386313820324249,0.7885875158031523,1.0,0.0,0.0,1.0
8.964136278019742,0.3012529546678341,0.7289977889937032,1.0,0.0,0.0,1.0
3.312479984226884,0.2583054996262989,3.650917766555169,1.0,0.0,0.0,0.0
6.575867754535844,0.936277540716922,0.3487506563692734,1.0,0.0,0.0,1.0
3.059887401567259,2.6008038696060987,2.232890735627384,1.0,0.0,0.0,1.0
0.8930919798017526,0.3561168928557509,0.5243790917859653,0.0,0.0,0.0,1.0
4.760208717196191,0.7187956577326056,0.2874172941416417,1.0,0.0,0.0,1.0
10.1064056482071,0.3024808959454141,1.422511810188427,1.0,0.0,0.0,0.0
10.80189077993184,0.1553350411714577,0.1922893401493175,1.0,1.0,0.0,0.0
15.721876533267842,3.2806960704115684,1.0085135995431287,1.0,1.0,0.0,0.0
8.989325511284273,10.554556728641744,5.3268967279479,1.0,0.0,0.0,1.0
50.37128097441697,0.7546290970153098,1.4359975190794774,1.0,1.0,0.0,1.0
27.00589979146884,0.8642682420323793,0.5075137170663404,1.0,0.0,0.0,0.0
10.611624916763862,0.8809881730664169,0.1075518719488829,1.0,0.0,0.0,0.0
3.5797006522680044,2.3173625740663013,0.8528572176532013,1.0,1.0,1.0,1.0
4.589691501640846,0.031351563930889,4.7246041262233645,1.0,1.0,1.0,1.0
27.64931842105067,0.2654687825830711,0.2095957392625098,1.0,0.0,1.0,1.0
23.632143285186,0.9706541777754756,0.6905666925705841,1.0,0.0,0.0,0.0
16.441250410175144,0.3433897373675358,0.5005172105322757,1.0,0.0,0.0,1.0
16.196434085400817,0.4953357965294029,4.203915873365571,1.0,0.0,0.0,1.0
27.928244599538274,0.0210134214596148,0.336985884178077,1.0,1.0,1.0,1.0
7.87712647880434,2.3410341882985684,2.057484605065386,1.0,0.0,0.0,0.0
5.941822298124416,0.0869945609005145,5.119144577637065,1.0,0.0,0.0,1.0
5.516813346435601,0.7881112440844282,1.0711302162558207,1.0,0.0,0.0,0.0
5.501527513942759,0.5526873068034455,0.133757412405059,1.0,1.0,0.0,1.0
2.579227176255296,2.1502077734815783,0.7297914890771195,1.0,1.0,0.0,1.0
16.077257927866338,0.552078651916968,15.42351459118685,1.0,1.0,0.0,1.0
273.8795040243453,0.8465438220547205,0.496288167918305,1.0,0.0,0.0,1.0
30.891411830933286,0.5236458172394007,2.8171988694033927,1.0,0.0,0.0,1.0
1.9350783301673533,0.2412564768144036,0.9491192458011992,1.0,0.0,0.0,1.0
3.969123526994807,0.3625366638229536,1.3436984606060225,1.0,0.0,0.0,1.0
2.7951183132213773,2.949185706278319,1.7062121584355898,1.0,0.0,0.0,0.0
10.768274831505543,11.978699116306828,2.226808294336587,1.0,0.0,0.0,0.0
10.497711104581454,12.815330432135047,0.3615286181090606,1.0,1.0,0.0,1.0
14.190349100719263,10.013610381200396,0.3726405021421987,1.0,0.0,0.0,0.0
5.591524296431739,5.948786923914139,0.2124499227966465,1.0,0.0,0.0,0.0
10.226623101071985,1.647331812399108,0.8321453144858741,1.0,1.0,0.0,1.0
8.048937653133757,5.779632545672001,5.901269575720241,1.0,0.0,1.0,1.0
103.88742432254676,13.926470051641566,2.878431370657085,1.0,1.0,0.0,0.0
8.286702453097684,2.7956456005042165,1.7824468157726787,1.0,1.0,0.0,0.0
10.304882204016788,0.7512897120712159,23.637317972076914,1.0,1.0,0.0,1.0
16.9952290041873,1.900219447324024,0.4465706000070093,1.0,1.0,0.0,1.0
7.555921933939291,2.6558606647751044,3.0803212702801703,1.0,0.0,0.0,1.0
90.37706794540962,0.5516499361211286,1.113490443656107,1.0,0.0,0.0,0.0
1.7379252466981967,3.934848948648748,5.6335529802895365,0.0,0.0,0.0,0.0
1.0151038085499122,1.5775913831744477,3.4756665253405683,0.0,0.0,0.0,1.0
34.25444494120438,2.232850875466644,0.2432438487282167,1.0,0.0,0.0,0.0
35.181265705990576,1.980037411256115,0.7780342362438898,1.0,0.0,0.0,0.0
11.178797579586105,2.1986060507465144,0.0922883432191727,1.0,1.0,0.0,1.0
1.6878842523176052,1.11134119960003,1.4692704987249747,0.0,1.0,1.0,1.0
13.755309137946371,1.6960946159237014,2.067614000922,1.0,0.0,0.0,1.0
5.088138995977731,0.5800906687967589,0.2717848455005469,1.0,1.0,0.0,1.0
17.15644613688947,1.4692132115432426,0.0257721612390488,1.0,0.0,0.0,0.0
51.04447496888135,0.2764709000010345,0.6522535491245327,1.0,1.0,0.0,1.0
53.648975546935,27.336010570035967,2.723713602348052,1.0,0.0,0.0,1.0
16.057000777441797,12.8354369564529,1.2315426032700287,1.0,1.0,0.0,1.0
13.62581556216166,1.3307732110255486,0.9165206703817348,1.0,0.0,0.0,1.0
131.75329628928873,0.1739078532451358,0.3022403570203454,1.0,0.0,0.0,0.0
24.65930507997244,0.109130160183734,0.8408003597092906,1.0,0.0,1.0,1.0
48.8767992149921,1.4813572408647364,0.3355337851889318,1.0,1.0,0.0,0.0
21.07171466267304,1.8414698722396643,0.2270046074108571,1.0,1.0,0.0,1.0
2.320868316037808,2.1415740850538736,3.942936775641373,1.0,0.0,1.0,1.0
7.274464457373799,0.4558476211880075,4.099561155903907,1.0,0.0,1.0,0.0
12.360636369796255,0.6039497301868232,0.8715462617528602,1.0,0.0,0.0,0.0
13.01700715325619,0.0561060063505883,0.8554585405371766,1.0,1.0,0.0,0.0
3.175500080735428,0.806356417924105,0.4311187718855431,1.0,1.0,0.0,1.0
44.16017902633726,0.9025710962379196,0.4887917693917661,1.0,1.0,0.0,1.0
33.59526049564841,28.97861029668784,0.2683558267890203,1.0,1.0,0.0,1.0
2.59111791840454,0.2026547540417514,7.466115622289095,1.0,0.0,0.0,1.0
126.13412009181674,0.4287633526807011,0.6690226394805152,1.0,1.0,0.0,0.0
31.62826353217428,0.2456088167244042,1.5657546134746163,1.0,1.0,0.0,1.0
43.274288674307705,0.9965663323582024,3.878304310059969,1.0,0.0,0.0,1.0
5.41430763186151,0.0035934860540906,0.4051790141010262,1.0,0.0,0.0,0.0
75.648512136074,0.1789108819062364,1.7160341713875975,1.0,0.0,0.0,1.0
43.70256439361468,0.7707924071403354,0.8899763569939226,1.0,0.0,0.0,0.0
84.47563209520621,17.898117578600626,11.751480996951706,1.0,0.0,0.0,0.0
1.6035741210852903,1.7262451992721697,0.782652484487511,0.0,1.0,0.0,0.0
2.726365392424427,0.7070250274302596,2.0351058757294487,1.0,0.0,0.0,1.0
0.876091093419267,0.162181489764666,0.7365289210305692,0.0,0.0,0.0,0.0
12.784379097299237,0.576568232371932,0.1446356287530185,1.0,0.0,1.0,1.0
6.073041334476381,1.5199059847097804,0.9186695958446696,1.0,0.0,0.0,0.0
13.949403591942644,0.0829611647725806,0.4625156628887125,1.0,0.0,0.0,0.0
7.475102435046677,0.7826965955929737,2.258517039109144,1.0,0.0,0.0,0.0
5.854327530727849,0.0484995459611223,1.136605978198292,1.0,0.0,0.0,0.0
11.039709222165628,0.810993281125415,0.1372697195328225,1.0,1.0,0.0,0.0
42.126021412294286,0.048939661164906,0.8587135658147343,1.0,0.0,1.0,0.0
0.9682199420785496,2.0495951433801,0.7260946270319941,0.0,0.0,1.0,1.0
12.133116332143604,8.80438203746732,2.589378363326923,1.0,1.0,1.0,1.0
10.2057039566963,0.7521820238284405,2.048870309982417,1.0,0.0,1.0,0.0
28.84729746676311,1.0502197725410738,0.6737961982052445,1.0,0.0,0.0,0.0
4.452604950693715,1.0868809716335754,2.1259278791743577,1.0,1.0,1.0,1.0
99.8016947087244,0.7655693385957334,0.5937641752156853,1.0,0.0,0.0,1.0
46.39636294033528,1.6552733442170813,1.1184632973702544,1.0,1.0,0.0,0.0
18.98178921768417,1.2361384826866637,2.5846888238790733,1.0,1.0,0.0,0.0
1.1051817685576713,6.360187958345692,0.4701393935745508,0.0,0.0,0.0,1.0
13.519687204562244,11.396322730983831,2.2343740367907885,1.0,1.0,0.0,1.0
9.45546395355954,0.0325218965632529,0.3921576952322425,1.0,1.0,0.0,1.0
50.16132332067635,1.7192730831395442,1.2023590267078208,1.0,0.0,0.0,0.0
3.5774912086360984,0.786324088288684,1.5526439507766203,1.0,0.0,1.0,0.0
0.3064514929325897,0.2719882324027203,0.6563803305782833,0.0,1.0,0.0,1.0
32.448032071932964,0.9117428424442158,1.0538858122691015,1.0,1.0,0.0,0.0
25.92703021937288,0.8662771836623415,1.8130255011712848,1.0,0.0,1.0,1.0
4.889899554653475,1.7414343945570268,0.2590717002162055,1.0,0.0,0.0,0.0
19.28861945159906,0.4409915691928485,6.1832537307527415,1.0,1.0,1.0,0.0
5.2267255192776005,0.0897815971249696,3.591853685417605,1.0,0.0,0.0,1.0
27.791463554073275,0.6266549545018855,0.313192886540607,1.0,0.0,0.0,1.0
10.380591842383833,0.8032569731698274,4.044515138109463,1.0,0.0,0.0,1.0
15.38550049480619,0.7304987970643322,0.2360418042353695,1.0,0.0,0.0,1.0
28.65547573179451,1.1463818834816415,4.389002393969189,1.0,0.0,0.0,0.0
17.36849533150248,7.938243698333641,2.1794205096178625,1.0,0.0,0.0,0.0
1.307991780345215,0.1052447652953682,1.6436716136582652,0.0,1.0,0.0,0.0
17.101661406206624,1.324129279399232,0.2734493786846494,1.0,1.0,0.0,1.0
14.116106076248032,0.5904475548296862,0.5840574740671693,1.0,1.0,1.0,1.0
269.60198319605155,0.4505868647209355,0.7884834652249063,1.0,0.0,0.0,1.0
2.781734011607128,4.060892723908976,2.6894074767394227,1.0,0.0,0.0,0.0
9.504118565169083,2.7392774484595668,2.587300664019036,1.0,0.0,0.0,1.0
15.516134744848433,1.3081000412870298,10.735399257997155,1.0,0.0,0.0,1.0
69.83055843711588,15.742251309817975,0.847760827165155,1.0,1.0,0.0,1.0
13.813409292372702,0.9383107081569104,0.2650447297448409,1.0,0.0,0.0,1.0
0.4338630451063721,1.5774664658020836,0.1509100459593071,0.0,1.0,0.0,1.0
7.338340549351978,4.308564708507335,0.2198157414677544,1.0,1.0,0.0,1.0
7.208889913692362,0.8198017278478288,0.8081603566418539,1.0,1.0,0.0,0.0
9.308466525212896,0.1819393951085812,0.9119598728994328,1.0,0.0,0.0,1.0
39.10079121532433,6.017007882844392,1.2477319036356924,1.0,0.0,0.0,0.0
86.30469859456666,2.172618400987598,6.662349285546019,1.0,0.0,0.0,0.0
2.3747953551096352,0.9826885250570117,2.290440776939678,1.0,0.0,0.0,0.0
1.2738638566012723,1.305284492589507,7.249764171292853,0.0,0.0,0.0,0.0
2.956780515012843,0.071847150565415,0.4656569160805051,1.0,0.0,0.0,1.0
16.783499365633112,0.1623586082991171,1.815696879173008,1.0,1.0,0.0,1.0
66.62249973524213,0.1723697133495111,0.113793207341672,1.0,1.0,0.0,1.0
28.73258284647372,0.304602270696868,2.499427272677226,1.0,0.0,0.0,1.0
4.16280340033058,0.0863198918411106,5.454106982569518,1.0,1.0,0.0,1.0
9.632030447199122,0.3819050484087852,1.0571515086792211,1.0,0.0,0.0,1.0
6.648618785442439,0.0246480372489951,5.2469150025476985,1.0,1.0,0.0,0.0
6.302596224844574,6.183625679957024,3.722196399865169,1.0,1.0,0.0,0.0
5.167678588644204,4.8691435497814215,0.1822804094894798,1.0,0.0,0.0,1.0
2.310487407355664,0.978736278900078,0.417009992529173,1.0,0.0,0.0,1.0
1.8046195332172736,0.5714040840471069,1.778436425280662,0.0,1.0,0.0,0.0
3.7161333924999833,0.0474210650820786,3.171709974833639,1.0,0.0,0.0,1.0
2.348149169826298,3.200894843341047,2.4465367915047045,1.0,1.0,0.0,1.0
7.173224886128391,0.654432475837796,0.8983080519338132,1.0,1.0,0.0,1.0
25.48053872709591,2.9331439546557525,0.5590857964992121,1.0,0.0,0.0,0.0
29.778143278674328,0.6936116885532242,4.067579031990683,1.0,1.0,0.0,0.0
1.1097091926850042,1.2094425414492174,0.9636672518302484,0.0,0.0,0.0,0.0
16.631288226313718,42.26319326636877,3.1182927738650936,1.0,0.0,0.0,1.0
1.1582457796955432,0.0233112434379596,8.14468649436516,0.0,0.0,0.0,1.0
6.735476036190895,2.7102741978361538,1.2034034059923373,1.0,0.0,0.0,1.0
12.332579206331332,7.426973175663147,0.8931807762000985,1.0,1.0,0.0,0.0
2.5331213909373766,0.4392860750957238,2.4337972754779105,1.0,0.0,0.0,0.0
1.4428784519163491,4.247706562316438,0.5288111069190838,0.0,0.0,1.0,0.0
0.8615854446882297,0.1259798124637663,0.3623542536024562,0.0,0.0,0.0,1.0
23.84904274117741,2.7758169560619925,0.3419336369064648,1.0,0.0,0.0,0.0
60.30996536021964,1.2749364622366224,0.6438457287096414,1.0,1.0,0.0,1.0
9.855708419119692,4.440120071841628,0.980926352522458,1.0,0.0,0.0,0.0
9.088792213128343,9.934211797758026,0.1247396698322334,1.0,1.0,0.0,1.0
4.651934740468714,4.393233328724532,0.1627110873847149,1.0,0.0,0.0,1.0
50.66030398618276,0.9096230555273292,0.1300233148124302,1.0,0.0,0.0,1.0
6.101841800651344,0.1894766540231076,0.949566619199578,1.0,1.0,0.0,1.0
37.62534569363527,0.3648060755743035,1.9806974797808967,1.0,0.0,0.0,1.0
3.98047662267985,1.1837648425019638,0.8961719771701174,1.0,1.0,0.0,1.0
32.35830985149272,2.183924782894872,1.0174272724667142,1.0,1.0,0.0,1.0
97.60985677966072,11.051804414521897,3.629997407664225,1.0,0.0,0.0,1.0
5.775447259870712,0.828146852386998,1.846546288386736,1.0,1.0,0.0,0.0
7.39386837100862,0.4695004545474781,0.653498473436701,1.0,1.0,0.0,0.0
54.38373255620408,0.1446364932394629,0.6494273639423516,1.0,0.0,1.0,1.0
0.0794837097516954,1.4853037666787603,0.2779870403334609,0.0,1.0,0.0,1.0
3.102954815561576,16.807686521331043,0.2115046973507368,1.0,0.0,0.0,1.0
6.590875966914132,0.7200437435133774,2.559047474458655,1.0,0.0,0.0,0.0
416.5503419927677,1.8609446189152712,0.386727727294719,1.0,0.0,0.0,1.0
7.673906970413879,0.0656121534895018,4.440004329490852,1.0,0.0,0.0,0.0
18.8850113772882,0.0920404570413036,0.3305520808314232,1.0,1.0,0.0,1.0
194.299449561558,0.2677383458881204,2.1795328909278,1.0,0.0,0.0,1.0
2.2541259371956865,26.27751828955653,1.8855156889944649,1.0,1.0,0.0,1.0
7.688352227888427,1.4615794264613473,0.5102701602113536,1.0,1.0,0.0,1.0
12.73222872311512,0.9023973438401256,1.5734713931848283,1.0,0.0,0.0,0.0
17.63356346150557,3.058041041179173,0.8688949195987004,1.0,0.0,0.0,1.0
0.5481925536500563,11.014269447890484,0.7169037258412935,0.0,0.0,0.0,1.0
20.448209185768324,0.7887255031300829,0.2724580305112569,1.0,0.0,0.0,1.0
12.837560148579971,10.166601357382682,0.5819487281786554,1.0,0.0,0.0,0.0
22.458767071742724,0.6634194325251945,0.9010060441231558,1.0,0.0,0.0,1.0
27.655945829165507,7.937708333101354,1.2938011368349156,1.0,1.0,0.0,1.0
14.257254732254395,7.760637155477357,0.5514866490734018,1.0,1.0,0.0,1.0
15.247922220702074,142.1496226312022,0.7161315109465954,1.0,0.0,0.0,1.0
23.595653697596266,39.43601601764409,1.5015575285172054,1.0,1.0,0.0,0.0
15.139704183035784,2.924106858164776,0.5841669948434157,1.0,0.0,0.0,1.0
2.553397259218801,0.0750697691664525,1.5502975892251432,1.0,0.0,0.0,1.0
1.9949765838447784,0.5953786970311982,0.1142782091157184,1.0,1.0,0.0,1.0
25.93653798375353,5.460015866260608,0.1504651537638457,1.0,1.0,1.0,1.0
62.82290572616076,0.2807216841304036,0.0516098586140628,1.0,0.0,0.0,0.0
1.5978379199542545,0.0699558960414682,2.2795236924048816,0.0,1.0,0.0,1.0
89.57979992753125,0.6858315502127902,0.7404780844285788,1.0,0.0,0.0,0.0
161.0577152221541,0.5149245168245636,4.71002311563062,1.0,0.0,0.0,1.0
3.1809583011510534,119.843040512893,1.3131237750480198,1.0,1.0,0.0,1.0
27.67704042947096,14.233690227081226,0.2886572297254573,1.0,1.0,1.0,0.0
33.05681969380009,3.5474132691675533,4.780611311854243,1.0,1.0,0.0,1.0
1.194460625232626,0.1058506997608328,0.3584014885436889,0.0,1.0,0.0,1.0
10.921587023518184,0.123849640339683,1.3026076467457506,1.0,0.0,0.0,1.0
4.010706830331006,0.8233287172685158,0.2195655726903113,1.0,0.0,0.0,1.0
14.96048061078642,0.0164919239938551,1.648308136071456,1.0,0.0,0.0,0.0
0.8333245790201557,0.8926940714010719,0.1235345485666199,0.0,0.0,0.0,0.0
8.673407254979312,1.912224588219948,0.2862343288624098,1.0,0.0,0.0,0.0
83.3461992655658,1.2793653726198446,3.791906275243609,1.0,0.0,0.0,1.0
3.570461150474853,15.18395275223444,2.7174064172119152,1.0,0.0,0.0,1.0
4.191711450690821,0.1709068920414805,0.2762834512711623,1.0,1.0,0.0,1.0
4.096208953675083,31.82434336830647,12.624524064853498,1.0,0.0,0.0,1.0
28.92564617562295,32.89439023995297,1.0602568839971425,1.0,1.0,0.0,1.0
2.081278582052469,1.1016626791837,0.3857425543838724,1.0,1.0,1.0,1.0
0.8443189214218175,0.6445288704923583,0.5255191028819977,0.0,0.0,0.0,0.0
2.657480254895927,1.0087816386962771,0.1071058724265714,1.0,0.0,1.0,1.0
3.970969215606577,0.4669959993232564,1.9206246311989303,1.0,0.0,1.0,0.0
3.26432746089073,15.772621969056246,5.479908577470462,1.0,0.0,0.0,1.0
17.203164542151324,2.154054065734825,4.247612389243581,1.0,1.0,0.0,1.0
57.874307164960776,0.3333535921272322,3.0424837085564937,1.0,0.0,0.0,1.0
64.85895873167657,1.9868911181090936,1.6566233321725916,1.0,0.0,0.0,0.0
7.469390859955003,1.4258689668171936,0.2797985912193136,1.0,0.0,0.0,0.0
2.271020647529053,0.820025743148826,0.2179301424668034,1.0,0.0,1.0,1.0
103.63046580188224,0.6909106292259415,0.127318422520343,1.0,0.0,0.0,0.0
151.94260627252578,5.205722634833855,0.5394064992071774,1.0,0.0,0.0,0.0
31.11124617009909,0.2407854406321125,0.1534973340242983,1.0,0.0,0.0,0.0
19.561068709387907,0.1411132790382339,3.581457815203498,1.0,0.0,0.0,1.0
0.8328527322167145,1.255968695750834,0.1430915894107758,0.0,0.0,0.0,1.0
7.584082238746634,0.1281438586895418,1.412458927506635,1.0,1.0,0.0,1.0
5.208694822938098,1.4753331237543814,0.5541136335555896,1.0,0.0,0.0,1.0
23.88762773965833,10.305362527473324,5.579399208897219,1.0,0.0,0.0,1.0
86.12545757837245,0.1250866966303264,0.8455540650356309,1.0,0.0,0.0,1.0
2.4673166243214446,0.1137311625860153,0.6846959899238019,1.0,0.0,0.0,1.0
1.683707846920525,3.145606889022874,0.9852185459531144,0.0,0.0,0.0,1.0
6.875476440962929,6.314708700855962,1.2443254114991391,1.0,0.0,0.0,1.0
17.319490825606515,1.6964273087356854,1.3032517741820235,1.0,0.0,0.0,1.0
76.49490830371475,0.2356586123161558,1.4585640733010783,1.0,0.0,0.0,1.0
5.9343539249254125,0.0807874025018086,0.072518610995628,1.0,0.0,0.0,0.0
3.025864568608568,4.607975665143935,0.7174276740175448,1.0,0.0,0.0,0.0
2.688469246471518,0.088098891068154,0.2628683381275591,1.0,0.0,0.0,1.0
15.945833417417273,2.8383120156680675,0.8555795365030314,1.0,0.0,0.0,1.0
11.83382836460141,15.18508772974434,0.1379376962796985,1.0,0.0,0.0,1.0
13.614402369491197,0.0250701243003924,0.7444079081927645,1.0,0.0,0.0,1.0
34.303993416363326,4.589964826858595,1.3716025900637785,1.0,0.0,0.0,1.0
10.042830568964488,0.1951397658294033,2.0594711852218404,1.0,0.0,0.0,0.0
19.09327215070931,0.204856434549727,2.423192800649017,1.0,1.0,0.0,1.0
3.5832998215129543,13.312030153376156,0.5215085048281495,1.0,0.0,1.0,1.0
6.863059710094425,162.42321457544907,1.0830249792198936,1.0,0.0,0.0,1.0
0.8548750934257642,1.4747971044101125,2.5504354428619247,0.0,1.0,0.0,1.0
25.79043035882514,4.3515919650887485,2.2572566912191867,1.0,0.0,0.0,1.0
44.75309165635981,15.81839856723304,0.2189704487108602,1.0,0.0,0.0,1.0
15.591813640183764,1.587169430265432,1.3111939512108972,1.0,1.0,0.0,1.0
5.4960952752122605,0.4687044269505756,1.1205788380620434,1.0,0.0,0.0,0.0
97.36678412700768,2.1564836299717465,0.4647416921466596,1.0,0.0,0.0,0.0
80.14607054381648,2.6386760094190693,0.5552598399890625,1.0,0.0,0.0,1.0
35.93300126655445,4.928424055335245,4.356178877234008,1.0,1.0,0.0,0.0
96.19999552948772,0.3269239149860473,2.7862286076033653,1.0,1.0,0.0,1.0
215.85076330700448,0.3001826539594998,0.7229890073846683,1.0,0.0,0.0,0.0
196.39939006528007,0.0506962299770196,0.2605642691565494,1.0,0.0,0.0,0.0
55.90351653862195,5.924893826820053,10.240379623713206,1.0,0.0,0.0,0.0
3.581637782779384,0.1080743545005308,2.253176124606065,1.0,1.0,0.0,0.0
8.449864686267489,0.1919643783634215,0.4223878575518916,1.0,0.0,0.0,1.0
4.630504434922306,13.172261785264167,0.1567967451947873,1.0,0.0,0.0,1.0
13.929003096598889,2.4352622859327937,1.679488860346553,1.0,0.0,1.0,1.0
86.95410015151509,0.3889686425294875,2.703116046641115,1.0,0.0,0.0,1.0
81.31734452847817,42.26953031149488,0.7545169926764749,1.0,0.0,0.0,1.0
449.197269845244,3.157723521677841,1.946713758990437,1.0,1.0,0.0,1.0
4.068721923072699,5.075714462219696,0.7614014180709715,1.0,1.0,0.0,1.0
8.225454422308912,0.3165126645786121,1.118530754327707,1.0,1.0,0.0,1.0
7.307904435934359,16.420583181577268,2.8154524710341806,1.0,0.0,0.0,1.0
4.827796950713146,8.456847616241863,3.06992649804439,1.0,0.0,0.0,0.0
56.27690196708445,0.6024689591186334,1.276447778464588,1.0,0.0,0.0,1.0
10.092885536069724,1.2693840073333638,6.597834160828282,1.0,0.0,0.0,0.0
10.100307752577452,1.0686009801791332,2.0190995572169905,1.0,0.0,0.0,1.0
15.452187741219111,20.7136200245127,0.8643678142826368,1.0,1.0,0.0,1.0
19.04714588501032,0.1840972916659908,6.346596955361754,1.0,0.0,0.0,1.0
8.392996632639159,0.1274642648813825,1.1986383518566517,1.0,1.0,1.0,1.0
9.5202512755824,1.2611661665725693,0.59159592722216,1.0,0.0,0.0,1.0
1.049396102912478,21.83370115855581,1.2752884141276108,0.0,0.0,0.0,1.0
18.04074486094204,8.057126443588468,0.2961375713858218,1.0,0.0,0.0,1.0
25.51509248885452,0.7007872384967594,1.7964786390166396,1.0,1.0,0.0,1.0
1.071496064595192,1.2766572595774774,2.314083319326715,0.0,1.0,0.0,1.0
4.661671887336097,4.607568956509503,0.331574207674512,1.0,0.0,0.0,1.0
6.705255497882959,0.1517937696168817,1.0830234690200211,1.0,1.0,0.0,1.0
24.664676409894067,0.3165667577963098,6.711113853901578,1.0,0.0,0.0,0.0
42.632657040333,19.96998440086127,0.5174146956720177,1.0,0.0,0.0,1.0
2.7893114832707053,13.8790524624706,1.7431121883111458,1.0,1.0,0.0,0.0
4.502067838342656,3.72580592436817,1.7043127338241837,1.0,0.0,0.0,1.0
7.912047284889404,8.98535375757485,0.1754094512298079,1.0,1.0,0.0,0.0
14.19021606834924,8.267652129996275,1.1557974334275205,1.0,1.0,0.0,1.0
6.073802068793048,1.3961021449487352,1.293537181740552,1.0,1.0,0.0,1.0
8.28088621915422,4.724120250044892,0.5326599871645971,1.0,1.0,0.0,0.0
121.29661510349068,62.59607697526911,0.688343571786395,1.0,0.0,0.0,0.0
7.311031553835847,0.2196625950728964,0.3157167331673224,1.0,0.0,0.0,1.0
4.843579634420008,0.2155071636616166,0.332564670106928,1.0,1.0,0.0,1.0
38.40635412510351,0.2718862009455747,10.70310160249455,1.0,0.0,0.0,1.0
1.525003471845377,4.356209159940075,1.3515347450675637,0.0,0.0,0.0,0.0
5.17238463068978,2.571446652198724,0.5810861377870129,1.0,1.0,0.0,1.0
14.487844313615325,0.2745016652956227,0.267244309336512,1.0,0.0,0.0,1.0
81.96465559576713,3.671643086154593,3.295645561054945,1.0,0.0,0.0,0.0
63.08709601105368,1.4703387743050058,0.1049152856643479,1.0,0.0,0.0,0.0
81.16981549176845,0.7313603190448754,0.2764017821661059,1.0,0.0,0.0,0.0
0.5827897954673154,23.27761007348192,0.0667841630708617,0.0,1.0,0.0,0.0
4.061083902540395,0.9381152625291128,1.2336284721913566,1.0,1.0,0.0,1.0
0.9084178169863162,0.103604782725325,0.2601564608067038,0.0,0.0,0.0,1.0
14.218494485502475,20.33165892679808,1.805380726427393,1.0,1.0,0.0,1.0
5.45966827370202,6.45977229943617,4.522233758491838,1.0,1.0,0.0,0.0
15.053842769791023,0.9411265918143537,1.214597693275617,1.0,0.0,0.0,1.0
3.2924235807894,0.5982486191988001,1.6368734058411945,1.0,0.0,0.0,0.0
56.17810912673736,0.4857306808784979,4.217766646940619,1.0,0.0,0.0,1.0
36.102497874105,0.0984404999459927,0.1746654851381854,1.0,0.0,0.0,1.0
91.6625619965045,0.9666906256538168,0.4304086573760792,1.0,0.0,0.0,1.0
8.643933806347595,0.112376540396326,1.5935193192828163,1.0,0.0,0.0,1.0
13.366454929414752,1.6364253752302684,1.3835971983561957,1.0,0.0,1.0,0.0
47.72130326299624,0.119324677410381,15.819566006199144,1.0,0.0,0.0,1.0
58.601755577828506,0.8822337495176107,0.8312016092818764,1.0,1.0,0.0,0.0
1.8288855928932608,1.9159380665131496,0.9687373432677994,0.0,0.0,0.0,1.0
12.045837639957815,7.582401155579306,0.7147324385690919,1.0,0.0,0.0,1.0
19.32561045195847,0.903045815937429,0.2677862289046039,1.0,1.0,0.0,1.0
12.989866491628629,0.0061281773100639,1.897597510850579,1.0,0.0,0.0,1.0
3.3700568664141413,1.881890895840578,0.4055379555314207,1.0,0.0,0.0,0.0
2.878309563174379,0.5924346295997404,0.1907161346043949,1.0,1.0,0.0,1.0
4.965507182579308,1.4706506805276698,0.8106100259783451,1.0,1.0,1.0,0.0
9.201487376615864,0.250429149373657,6.912025332302463,1.0,0.0,0.0,0.0
37.09703812519805,1.5618768405152597,0.2135879901966902,1.0,1.0,0.0,1.0
25.75637627124176,1.6734667050703813,1.046057766644834,1.0,0.0,0.0,1.0
5.288420743236224,0.2804064915096411,1.5265031719482305,1.0,0.0,0.0,0.0
17.476086154917848,0.1370870416211306,1.2175371586574617,1.0,0.0,0.0,1.0
1.567473935307868,5.284632218057305,2.288580856852521,0.0,0.0,0.0,1.0
50.27167795146076,2.511739947785652,0.1551735815203472,1.0,0.0,0.0,1.0
3.31303219989246,21.8373356666242,1.3157588112833154,1.0,1.0,0.0,0.0
36.25035889119438,3.668344083700049,3.0763355080616392,1.0,1.0,0.0,0.0
0.2849511465367373,3.3631990118256665,0.4134239152354564,0.0,0.0,0.0,1.0
7.784802473186711,0.873388295386372,2.137067492685598,1.0,0.0,0.0,0.0
41.72624050390351,0.1581204892824086,0.5422210117903299,1.0,0.0,0.0,1.0
33.193827639832584,60.770670447996025,1.167880820471657,1.0,0.0,0.0,1.0
7.480899596336152,0.0680507834165945,3.076035214097203,1.0,0.0,0.0,1.0
53.03982931127422,28.74945376066104,0.2366584644340422,1.0,0.0,0.0,0.0
1.6271553069151383,0.2267134843913229,4.416676472820151,0.0,0.0,0.0,1.0
8.750686010898102,1.1935618290023833,2.5643066149019176,1.0,0.0,0.0,1.0
3.7410745479410847,1.1514913322848233,0.4247905637358264,1.0,0.0,0.0,1.0
11.646734735013714,0.5029990859297104,2.5592562334445828,1.0,0.0,1.0,0.0
17.120923662809176,3.8780625420845056,2.928155529937602,1.0,1.0,0.0,1.0
436.51155704553935,0.48032177095337,1.068457486917369,1.0,0.0,1.0,1.0
8.985348911361124,0.0213012931863593,1.0701996510816898,1.0,0.0,0.0,1.0
3.356953746148628,0.3769241045078282,4.645141530617703,1.0,0.0,0.0,1.0
81.11329160113479,0.1869373841490814,4.536923865123967,1.0,1.0,0.0,1.0
1.600427376939101,3.420391197214561,2.8292237396270368,0.0,0.0,0.0,1.0
96.94575741056846,55.42576558395338,0.1161803915303146,1.0,0.0,0.0,0.0
37.11059731930192,0.3320973688796785,0.9922028205007616,1.0,0.0,0.0,1.0
2.748642367699144,1.734704319071125,41.15714831281902,1.0,1.0,0.0,0.0
2.008931022134516,26.224659854658977,0.7175936918666895,1.0,0.0,0.0,0.0
1.7649076114624611,0.024873956553629,0.7899435163727697,0.0,0.0,0.0,0.0
2.031683947260356,0.9268732086648888,15.05456093122018,1.0,0.0,0.0,1.0
51.243703629785074,0.1722392540368029,5.769523899693017,1.0,0.0,0.0,1.0
60.48711927282615,0.1570544744297049,2.184749864720825,1.0,1.0,0.0,1.0
8.617316850007503,1.6707274934497929,8.123323190276713,1.0,0.0,0.0,1.0
25.64753227598776,0.191679496527612,10.177950649282607,1.0,1.0,0.0,0.0
