Customer Type,Age,Type of Travel,Class,Flight Distance,Inflight wifi service,Ease of Online booking,Food and drink,Online boarding,Seat comfort,Inflight entertainment,On-board service,Leg room service,Baggage handling,Checkin service,Inflight service,Cleanliness,Departure Delay in Minutes,Arrival Delay in Minutes
1,24.064890577598533,1,1,483.60560633567684,3,2,5,1,4,4,3,3,3,3,2,5,0.0,0.0
1,35.75028095818656,1,1,2677.326238665019,4,5,4,5,3,4,4,4,3,3,2,3,5.025469648683611,0.0
1,40.795424436949055,0,0,67.0,0,0,4,1,3,4,3,3,5,3,5,4,10.527120191445965,23.481747251640062
1,21.88356015423663,0,0,533.6766639922333,3,3,3,3,5,4,3,2,2,4,3,4,83.24784118490656,69.62597295758941
0,27.78673657835552,1,1,469.3845325871265,3,2,5,4,5,3,4,4,5,5,4,5,0.9883689831130216,0.0
0,12.409602148102067,0,0,67.0,3,5,2,1,2,1,1,3,3,1,4,1,8.057860305410735,10.703621956356834
1,58.253314977679224,0,2,546.6486431230501,5,5,5,2,5,2,3,3,2,5,3,2,29.18811992339341,44.796394208629664
1,65.73012052191653,0,1,1191.5878505402802,4,4,3,4,2,2,4,1,3,2,3,2,64.37145545739702,61.701920539790855
1,54.86825490495296,1,0,1874.9768811678941,4,4,5,3,5,5,2,2,4,1,3,4,56.390497249796844,59.719964101937684
0,19.054651152968056,1,0,2544.4512043718423,5,4,4,4,5,5,3,4,5,4,4,5,9.907159595437003,13.109776569972254
1,55.95159779660776,1,1,1381.051500544105,2,1,3,3,3,3,5,5,5,4,3,2,57.098392103347045,75.20380158554435
1,45.067366059705435,1,1,250.91735931210167,4,4,5,4,4,5,2,3,2,1,1,4,32.1904036108551,25.54213870266528
0,69.43063210993017,1,1,67.0,2,1,2,3,3,3,2,3,4,2,4,2,0.0,0.0
1,42.68558759144901,1,1,1690.5637415016151,2,2,5,4,5,4,4,5,4,4,4,5,78.51714863514209,79.8445483955042
1,62.27238077658937,0,1,1235.2680063369953,1,1,3,3,4,4,3,1,2,4,3,4,0.0,0.0
1,61.99343560912625,0,1,1424.493017477608,2,2,3,2,4,4,3,2,3,3,3,3,0.0,0.0
0,45.81345433701663,0,0,1195.0549349997518,2,2,5,4,4,3,2,2,2,3,2,4,32.46878051991642,22.109242485113306
1,43.37165489062059,0,0,67.0,0,0,5,0,5,4,1,2,3,3,2,5,0.0,0.0
1,42.32179139536697,1,1,2869.481954441366,2,4,3,2,3,3,1,3,3,2,3,4,27.25724236665474,37.24550825002565
1,28.961385788896393,1,1,1601.4013084903906,3,1,2,1,2,1,4,4,4,3,4,1,22.97495678832654,15.250517124673642
1,40.73699522933237,1,1,671.9387671213233,2,1,2,2,1,2,3,2,4,3,3,1,0.0,0.8649171690354578
1,57.46355330544422,1,2,1336.2403278903187,3,4,2,2,3,3,3,4,4,3,3,3,123.25659308066825,119.1724916045279
1,29.123460165924527,0,0,553.8972398554635,1,0,2,3,1,2,4,3,5,4,5,1,38.342533220985814,23.82550400228686
0,14.183200263149654,1,1,290.52264491973665,4,4,2,4,3,3,4,1,5,2,5,2,5.77941091650475,30.540623667725985
1,72.58102651991126,0,0,2055.574479311257,4,3,3,2,2,4,5,1,4,1,5,2,0.0,1.0518369854314855
1,27.66299440115743,0,0,311.9178788836264,2,1,2,2,2,2,2,2,4,3,3,3,49.670438630732924,47.7873868018526
0,42.42828781249573,1,2,985.7934427998234,1,4,1,1,1,1,3,2,5,5,4,1,0.0,0.0
1,41.50049110645787,1,2,1282.706346049474,3,2,4,2,5,4,3,4,3,3,3,3,0.0,0.0
1,46.89767385691782,0,1,2361.478386298808,2,1,4,2,5,5,3,2,5,3,3,4,0.0,0.0
1,44.68478170989054,0,0,2035.1125950341777,2,2,2,2,2,3,2,3,3,4,4,2,46.11028150732399,32.565505570811816
1,47.970722210207796,0,1,1742.6093888860628,3,4,5,4,4,2,2,4,3,2,2,4,0.0,0.0
1,54.739337529636316,0,0,1653.1235563090372,2,2,3,1,3,3,1,3,2,5,3,3,0.0,0.0
0,32.92823777093012,0,0,67.0,2,2,5,2,4,3,4,5,3,2,3,4,0.0,18.445413586693874
1,23.014358463253984,1,2,1869.331555630558,1,2,1,2,2,2,5,5,4,1,4,1,47.58902547428224,40.28474841299035
1,49.92646196164729,0,0,476.77273472615684,4,5,4,3,3,3,1,2,3,2,4,5,23.07500015796311,20.6508978806075
1,41.45538217791015,0,0,190.40472326991926,1,3,1,2,2,1,3,4,5,4,4,1,19.552542502665258,26.336125950296754
1,47.02261089576069,1,1,67.0,2,3,4,0,4,2,2,1,4,4,4,2,0.0,0.0
1,26.407107423267462,1,2,1312.8498464454078,3,3,1,3,2,3,3,2,5,1,4,2,0.0,0.0
0,44.246209635225334,0,0,260.0922941738445,4,2,4,2,2,4,4,3,4,3,5,3,74.92509016364859,101.03011047964024
1,49.31499418147035,1,1,409.9839811025579,4,3,2,5,3,3,4,3,3,2,2,3,0.0,0.0
0,46.985328632809484,1,1,964.0080416063978,3,4,1,1,1,1,4,4,3,4,3,1,63.61930945654735,65.75724735940985
1,17.366991095000092,1,2,2168.0001654434323,1,1,3,2,4,3,2,5,3,3,2,3,82.14532771188513,70.76389986637824
0,58.8146569396916,1,0,67.0,3,3,3,3,2,2,1,4,4,2,2,3,50.8882604559495,29.255086662036
1,66.04398133712755,0,1,243.8164015110001,2,3,3,3,4,3,5,5,5,4,4,3,0.0,0.0
1,19.82659631241464,0,2,2493.1539624784637,3,4,2,4,2,3,4,4,4,2,5,2,0.0,8.52167705396041
1,64.67792445785763,0,1,514.282451229788,3,2,5,4,5,5,5,3,4,2,3,5,3.420407892424226,10.033918425118717
1,39.38149650473882,1,2,1407.8946649171858,0,1,4,3,4,4,5,2,5,5,5,4,39.65421995464334,60.28472302911859
0,47.16228268972523,1,1,1270.165690196759,4,5,1,5,2,1,4,1,2,3,2,1,0.0,0.0
1,70.64367481277941,0,1,67.0,2,3,2,3,2,3,4,1,4,2,4,2,0.0,0.0
1,16.185110689106324,0,0,1212.1242084767196,2,4,2,1,2,1,2,2,2,2,2,1,0.0,0.0
1,18.97157340277021,0,0,664.4476255185632,4,5,2,2,2,3,3,4,3,3,3,1,43.66478695933324,52.888640969121255
0,32.93039088921676,1,0,1476.121595162214,1,2,3,3,3,2,5,2,2,4,2,4,27.294224558415245,41.763083219741034
1,35.52287489241472,1,1,67.0,3,3,4,4,3,3,4,3,3,1,4,3,1.7080902578806487,23.471690401193573
0,37.93146145308221,1,1,1156.8465065843413,1,0,4,0,2,3,4,4,4,4,3,3,0.0,0.0
1,33.915581042788595,0,0,480.1132310845593,4,3,2,2,2,1,2,3,3,2,2,2,35.69562128724458,48.418053891956184
0,36.30044594541846,1,1,67.0,1,2,5,2,4,5,4,1,5,5,4,5,23.591384719666134,16.20326709128096
1,64.28036536546114,1,1,483.46759875890973,3,4,2,3,3,3,5,4,4,4,4,4,20.864161825957627,26.584093357148532
1,24.609740590371167,0,1,2498.9870447713092,3,3,2,3,3,5,4,4,4,4,5,3,28.95872915303852,36.914770709324245
1,19.676259501034327,1,2,1009.3479643906525,3,2,5,5,5,4,3,4,5,5,3,5,24.603031744351718,15.911391078110618
1,70.01187947078755,0,1,67.0,3,4,3,3,3,3,4,2,3,1,4,3,0.0,0.0
0,28.2066523187052,1,1,892.1927332792454,3,3,2,3,2,3,3,5,5,3,4,3,24.433584713764812,22.14047050233533
1,53.26987865613154,0,0,67.0,4,4,4,5,5,3,2,3,3,4,4,4,61.3112239126604,63.12953512038396
1,43.22189161669137,1,2,666.5649448833351,3,3,3,3,2,2,4,4,4,2,3,1,53.119833502810415,72.14093725250947
0,39.29986020579078,0,0,1642.1271828850663,3,2,1,4,4,2,2,2,3,5,4,3,0.0,0.0
0,32.297762248013385,1,0,67.0,2,2,2,2,3,2,3,4,3,1,3,3,115.57280904909224,115.09214189043662
0,45.58685482927373,1,2,339.25215749995766,2,2,4,5,3,3,5,3,3,5,3,3,17.066272562504473,36.14517097907229
1,45.12833790274469,1,0,234.37289890543173,1,2,2,3,2,2,3,2,3,3,4,3,15.543544444517265,37.7576861564972
1,33.010210449205076,0,0,1934.6822549351386,4,3,5,5,4,3,4,1,4,3,4,5,26.64178648469275,30.376474730801945
1,38.75352323402294,0,0,234.44466387575346,2,2,4,3,3,2,2,2,2,1,3,3,0.0,0.0
1,48.51464969479264,0,0,1542.1987711927982,2,3,4,3,4,4,2,1,3,4,4,3,3.692400317924859,25.030080446445176
0,52.7438608291006,1,1,921.0958835280888,3,3,3,1,4,4,3,4,3,1,2,4,6.035506905971708,6.709789483648025
1,26.31376096176457,0,2,1487.0396575262866,2,2,3,2,3,3,4,4,3,3,4,3,0.0,1.3198315889556813
1,7.0,1,2,1413.4371800442511,3,3,1,5,1,1,3,3,2,4,4,2,52.595987445001974,35.572634388992945
1,49.26167504879729,0,0,67.0,5,4,3,1,2,4,5,3,4,4,4,4,0.0,0.0
0,45.64892591372803,0,0,204.52512726401858,2,2,2,3,5,2,2,1,2,4,2,3,3.5183134024383804,10.624573814385283
0,20.166894343695976,0,1,67.0,3,2,4,3,2,3,1,4,4,3,2,4,84.86284923451339,98.16843913849088
1,46.07992899862137,0,0,95.24914894638528,2,2,4,2,3,3,2,2,2,3,2,3,0.0,0.0
1,38.129521296265,1,1,611.6244862800679,3,2,4,2,5,4,2,5,4,4,3,5,62.799047720122296,61.93806506231548
0,25.900603318245157,1,0,67.0,1,1,1,0,2,1,5,3,3,4,3,1,0.0,0.0
0,18.406995912388798,1,0,67.0,4,3,4,2,4,4,3,4,3,2,1,2,60.389835004107994,71.37534254030943
1,49.481604171090495,0,0,67.0,1,1,3,2,3,3,5,4,4,4,4,2,15.586002222298161,23.60022337401724
1,19.04144414631116,1,1,1258.302700318018,3,3,4,5,4,5,4,4,5,2,5,5,49.005708630476676,53.08986352689993
1,21.32338365250202,1,2,1874.912313526458,1,1,3,4,5,5,5,5,5,4,5,4,68.34465028958695,62.75190335539057
1,7.0,1,1,130.27857334400005,3,5,5,2,5,5,3,5,5,5,4,5,49.443385313693184,55.975824715303716
1,65.35253003243075,0,0,1064.42432248749,3,3,2,1,3,2,4,2,3,5,5,2,0.0,0.0
1,28.90857911920346,1,1,1452.3900264053668,2,3,5,4,3,4,3,3,3,3,4,4,31.539454095937163,27.97916729287359
1,48.04873632686619,1,1,882.7027391160026,2,2,4,3,4,4,3,2,3,3,4,5,86.18807413364873,74.28731165375197
0,18.291127255515555,1,0,1650.3357554033703,4,3,2,3,2,1,2,5,3,2,1,3,12.676005188753294,13.964101426069579
1,37.802269298032414,1,1,1462.2320427136974,1,0,4,4,3,3,2,4,4,3,3,3,51.66216791997752,47.666053705341895
1,38.39367910556312,0,1,844.363002080599,1,0,1,2,2,3,5,5,4,2,5,1,0.0,0.0
0,37.238765749974036,1,0,328.5490106226455,3,3,1,4,2,1,2,1,3,3,3,2,39.64358367895622,62.6424715531665
1,28.30665590525683,1,0,990.7354233285462,4,5,4,2,4,5,4,4,5,3,4,3,41.32407063482865,30.787393255307713
0,36.09082928331407,1,1,67.0,0,1,3,1,3,2,2,3,2,4,2,3,23.342219488937047,11.037904683408744
1,42.915501824879264,0,1,597.9415460029918,1,2,3,2,5,3,3,3,4,5,2,4,14.115036994580489,18.295732517442737
1,52.67792475352721,1,0,331.76207569627036,3,1,3,3,3,2,4,5,4,3,1,3,17.15533955485951,27.35288169878754
1,33.167037115873185,1,1,1132.1580029736629,3,2,3,3,3,5,5,5,5,5,5,3,12.810358713001587,7.546979624425408
1,67.46347656974856,1,0,1661.1910295611274,3,3,4,2,3,2,2,5,3,3,3,3,10.88479005814342,24.16688413393453
0,28.67705029872667,0,0,432.248632042258,3,2,1,2,1,1,2,2,3,4,2,2,0.0,1.3719302090805918
0,35.81321887652816,0,1,512.4519466430567,3,4,1,3,1,1,5,5,4,4,4,2,0.0,3.6051816967175796
0,42.78133945553698,1,2,1760.0812571780657,1,2,1,2,1,1,2,2,3,2,4,2,99.20916174080153,108.96401925521046
1,44.08698895602558,0,0,1229.4690216419804,1,2,1,1,2,3,3,2,4,3,5,2,2.2115675024682044,0.0
1,57.69634993776447,0,0,953.0004797002055,3,3,4,4,4,3,2,3,4,3,5,4,0.0,0.0
0,28.575989010794522,1,2,1129.9279689750156,1,2,3,2,4,2,3,3,2,2,2,4,45.44292534967484,49.220765068647545
1,15.106651078182384,1,2,1825.0014388352947,3,3,2,2,1,2,4,3,5,4,4,2,15.482691257744126,45.16397946427932
1,36.266931997573,1,1,1464.9784764832752,4,3,3,3,2,3,2,3,4,2,5,4,8.017857645385545,0.31303479400068746
1,45.293866357805875,0,0,489.54049963523823,2,1,4,2,4,5,4,3,3,3,4,5,0.0,29.542056700247066
0,35.34221378411887,0,1,1264.7303128436458,1,2,3,2,2,2,3,2,4,5,2,3,6.164432162330783,17.479623582233078
1,26.363074212755087,0,0,2725.0779008176632,3,4,3,2,3,4,5,4,5,5,5,3,20.497085331435432,23.982129518310906
1,33.24516275384555,1,2,207.84220148011514,2,4,2,4,2,1,3,2,3,5,4,2,32.566543699723596,12.91732029750207
1,48.915513229689324,0,0,599.6240504881246,4,5,4,3,4,4,5,3,5,3,5,3,2.763441287695086,15.08743837225996
1,41.49041948009167,1,1,67.0,2,2,3,0,5,3,1,4,3,2,2,4,49.92551498853812,33.49198108223653
1,23.11501764853767,0,1,1157.6843394643433,1,1,1,2,2,1,4,3,5,4,5,1,0.0,0.0
1,11.195908981749948,1,2,2362.5843145154477,3,2,3,3,2,3,4,4,4,4,5,4,0.0,0.0
1,38.579682257223254,0,1,230.70133936338675,0,1,3,2,3,3,3,4,5,5,4,3,0.0,0.0
1,47.588680982572974,1,1,501.4402252129155,1,2,1,4,1,1,4,2,3,3,2,2,43.05842911503039,33.08931076106694
0,35.596505564230455,1,1,959.0785982379152,2,4,2,2,1,1,3,4,4,3,3,1,52.33925659473937,40.16950152014491
1,60.36867617482052,0,1,67.0,5,4,4,3,3,4,5,1,5,4,5,3,23.21494623620476,6.151510278321769
1,72.63088140561058,0,0,840.5201864567414,2,2,1,2,2,1,3,2,4,2,1,1,0.7938621016324916,13.913892730315341
1,50.945932559338814,0,0,1973.341153170135,2,3,4,2,4,4,4,4,3,4,4,4,30.043050097646088,26.583320095155976
0,46.907238596434986,0,0,1426.7863960493655,3,4,2,3,2,2,4,4,3,4,2,2,0.0,4.072469660419175
1,38.713684123834035,1,0,67.0,0,0,1,0,1,1,3,2,4,1,3,1,61.27278348479756,52.84001038138531
0,29.39701489642171,1,1,254.5844020398489,5,5,4,4,3,1,1,3,2,4,3,3,25.149175941922863,17.176731254020133
1,25.102750937217586,1,1,1934.1285336398214,3,3,5,3,5,4,3,3,4,4,4,5,5.702170300877034,17.315424740265684
1,26.806941580206143,1,1,67.0,1,0,5,2,4,5,5,3,4,3,4,5,27.81839870519738,28.843754635742883
1,31.765473308247103,0,2,2144.059294556017,3,3,2,2,3,2,4,4,4,5,4,3,0.0,0.0
1,52.2596741764685,0,1,1055.905555571194,2,1,3,2,3,3,4,3,4,4,4,2,47.362480467561625,61.44467828807423
1,32.99707247472055,0,1,1833.7824360922064,4,3,2,2,3,3,4,5,4,3,4,2,0.0,0.0
0,28.702283070284466,1,1,1765.5615335267453,3,3,1,2,1,1,3,2,5,5,2,1,3.4228860758783153,17.691738830065987
0,35.55878219988972,0,0,1307.037056284662,2,2,5,2,4,4,1,4,3,4,2,4,4.053903921938513,0.0
1,54.20545071639269,0,0,326.08474356904014,3,3,3,3,4,2,3,2,2,2,1,3,29.589141292521866,12.80509115330508
0,41.10339862735162,0,1,1566.8925326856274,3,4,2,1,3,3,3,4,4,1,4,2,0.0,0.0
1,50.27236218012693,0,0,1731.9302480660072,2,3,3,2,3,2,3,1,3,1,3,3,0.0,14.946786743174092
1,42.397369209415864,0,0,1531.9137108617938,0,2,1,1,1,2,4,4,5,3,4,1,27.989628927328006,24.470602121755753
1,69.61236879938052,1,0,533.1294837054189,2,2,2,1,2,2,2,3,3,4,2,2,26.872569252192868,33.96455116338649
1,28.323789122629375,1,1,606.997143195478,2,1,4,1,3,3,5,2,4,4,4,3,5.583878106419959,0.0
1,29.315150655812587,0,0,184.1115178023258,1,1,3,3,4,2,2,3,4,3,2,3,38.72822104885882,43.85000377746478
1,45.42609446208719,0,1,485.18177593040866,0,0,5,2,3,4,4,3,4,4,4,3,0.0,0.0
1,56.48069065002747,1,0,67.0,4,5,1,2,2,3,2,1,1,1,3,2,20.180949910498875,28.518936193270353
0,47.09033985746079,1,2,369.1457966802885,0,2,1,1,2,1,5,4,5,4,5,2,0.0,12.942080678547043
1,26.528972675666488,0,0,449.7913993391012,4,3,3,1,1,1,3,2,2,1,3,1,0.0,0.0
1,43.337700299801206,1,2,67.0,2,4,2,3,3,2,4,4,4,3,4,2,62.31008039797888,49.5055552300495
0,39.055370001192514,1,1,458.2565739128572,2,3,1,2,3,2,3,2,3,2,2,2,0.0,0.0
1,40.59417342115463,1,1,760.7175366341426,3,4,4,3,4,4,3,1,2,1,3,3,0.0,0.0
1,43.056513718872296,0,0,555.2115823164334,2,3,1,2,2,1,2,4,4,1,3,1,14.774414778064628,13.896238515176853
1,46.559170524378914,1,0,1120.1488037139472,3,5,1,3,2,1,3,2,3,4,4,1,34.74897658210814,29.807979868697693
1,24.711566189487847,1,1,648.2518727783681,1,2,3,1,2,3,4,2,5,4,5,2,0.0,0.0
1,12.836737147701587,0,0,534.3918843895794,4,3,2,2,3,4,1,3,3,2,3,2,0.0,9.59816475027112
1,36.42235163083434,1,0,2394.0281320389167,1,2,2,3,1,2,3,3,3,4,3,1,0.0,0.0
0,17.39602882874216,1,0,1534.3291159837183,3,4,2,1,1,3,4,2,3,2,5,1,0.0,0.0
1,19.39465814331468,1,1,1887.7150132835905,1,0,5,2,5,4,3,3,4,4,3,4,43.728029163001004,43.55510409903768
1,72.1175370943971,0,0,621.6840008312529,2,4,1,3,3,1,4,3,2,3,4,2,2.927053109455361,1.478844631889121
1,37.06177088175737,0,2,123.00234517247748,0,2,1,1,1,1,4,2,4,4,4,1,28.66560230446804,36.48638163907205
1,27.789940262729985,1,1,1191.0444231721178,0,1,1,2,2,2,4,3,5,4,4,2,0.5601364770864805,36.49892936887845
1,57.78990232853601,0,1,863.1638789389615,1,2,2,1,2,3,3,3,4,4,3,3,16.574675095931223,20.689949936071095
0,7.0,1,2,645.0971872006171,1,0,2,2,3,4,2,4,3,1,3,4,0.17302296663996586,7.305551862250081
0,39.87496116595929,1,1,1262.1526800151396,2,4,2,1,2,2,3,3,5,3,4,1,1.3888091862002696,4.904120025537015
1,35.962101286489656,0,1,1773.295014756009,3,3,3,4,5,3,1,4,3,5,2,4,42.95215291835552,27.641703914711723
1,17.93099223781688,0,0,978.5996312879305,3,4,2,3,2,2,5,1,3,1,5,1,0.0,14.974806393174076
0,44.544139554651906,0,0,67.0,3,1,1,2,2,2,3,0,2,2,4,1,0.0,0.0
1,45.80489155188351,1,0,2247.0379497442127,3,5,3,3,4,5,5,4,5,3,3,5,29.97192445974597,38.237943783077135
0,28.068532902360694,0,1,1683.837775910048,3,5,2,3,3,3,4,3,5,3,4,2,10.119511741951762,21.663565420878413
1,47.325790612050795,1,1,67.0,5,5,2,2,3,4,4,5,5,2,4,2,0.0,7.241692129390316
0,57.034979857452484,1,1,67.0,2,3,3,2,3,2,4,2,2,4,2,4,0.0,0.0
0,27.446823469712463,1,0,726.5708678642466,2,3,1,2,1,1,2,0,2,3,3,1,13.202947324345802,11.338134763492134
1,60.45009922962571,0,0,2797.8711694219655,3,3,3,1,2,4,4,5,5,2,4,2,18.44666931535078,32.93842534296807
1,54.84084292464512,0,0,375.7357975198247,4,3,4,3,4,3,3,2,2,2,3,5,23.548941941141905,57.40266291964518
1,36.96063659010049,0,0,1942.5129136563337,4,5,5,4,4,3,1,3,2,4,2,4,23.32729616783001,21.657022411052427
0,21.79634852346921,1,0,67.0,3,4,3,4,4,3,5,3,3,4,3,3,0.0,0.0
1,28.877025192290745,0,1,1552.6209411104032,4,5,1,4,2,2,4,3,5,4,5,1,0.0,0.0
1,11.69748029744553,0,0,472.91460216525775,1,2,5,2,4,4,2,2,1,1,3,4,55.18088021797829,48.12627694035345
1,43.86450843807721,0,1,1040.1324739618294,1,3,1,3,3,2,3,3,5,4,4,2,27.992229224226662,34.064206618001265
0,43.70249745766057,0,0,381.6527474909125,4,5,3,3,3,2,2,2,1,2,2,4,0.0,0.0
1,34.131767865196665,0,0,1681.0883705777337,2,2,3,2,2,3,3,2,4,4,2,2,0.0,8.786270712656343
0,16.071591774688653,1,0,67.0,3,4,3,5,2,3,3,3,3,3,5,2,0.0,0.0
0,59.496829703197704,1,1,1894.9815591015233,4,4,4,4,4,3,5,4,3,4,3,3,11.398912560082586,13.775793786155457
0,7.0,1,1,3493.517027726689,2,2,2,2,2,4,2,2,3,3,3,4,11.901509400256444,19.86877518096675
0,30.11501092627973,1,1,1497.4161208131668,5,5,1,4,1,1,2,1,3,3,3,1,71.23282785117259,85.92386364412333
1,32.0906717124693,1,1,459.5241458420086,3,2,3,3,2,1,2,1,1,3,2,2,18.516150613714547,14.880851332173417
0,15.796629181692541,1,1,1889.788673945871,2,3,4,2,3,4,4,2,4,2,3,4,6.538550769904152,0.0
0,34.25672619108186,0,0,67.0,3,2,4,4,4,3,4,2,4,3,3,4,0.0,0.0
1,21.30971399870137,1,2,1588.3382745252088,4,4,2,3,1,1,3,3,2,3,2,1,0.0,13.417426933789045
1,31.33845319126512,0,1,67.0,2,3,1,1,1,2,5,4,5,2,3,2,0.0,0.0
1,28.627649008693616,1,2,1212.5993416760773,2,4,1,2,3,2,3,3,3,2,2,2,0.0,0.0
0,27.817602529788438,1,0,230.04725826686877,2,1,5,1,3,4,3,4,2,1,2,4,0.0,0.0
1,61.61905815163668,1,0,67.0,2,3,3,2,3,1,2,1,3,4,2,3,16.880930039748065,20.537763766253732
1,63.00781689425586,1,1,67.0,2,2,2,2,2,3,4,2,3,5,4,2,0.0,0.0
1,55.11498150399656,1,1,444.5830369820022,0,1,1,3,2,1,1,1,1,3,3,1,0.0,0.0
1,35.761348748762515,0,0,442.8726271678655,4,5,2,2,2,2,3,5,2,3,3,2,56.81829077915316,42.6495230413876
1,48.67483742825638,0,1,1308.1652798837495,0,1,2,2,2,1,1,2,2,4,2,3,19.265733663425777,16.885304854373835
1,59.78620747041444,1,0,399.193329035385,2,4,2,1,2,2,3,4,2,2,4,2,45.817335944833175,55.75011953167105
1,45.44660062782468,0,2,1112.8459412252303,3,3,2,4,3,3,4,3,2,3,2,4,54.887993849474434,70.77767466096964
1,36.6174208423214,1,1,844.4210873403222,4,5,4,3,4,4,3,3,3,4,4,5,0.0,5.024204730548437
1,32.37081460506502,1,1,1940.1232511055407,1,2,2,2,2,2,1,4,3,3,2,3,28.625315306865154,39.35128249407628
1,38.267446919425375,1,1,816.9609740656771,3,5,1,3,3,1,2,2,3,3,3,1,0.0,0.0
0,36.21167148098498,0,1,807.3978263679785,2,1,2,1,2,2,3,4,3,4,4,3,13.045924362878992,0.0
0,33.29378908553715,1,0,411.7858837018266,0,0,3,2,3,3,1,1,3,2,2,3,0.0,0.0
1,49.466632942919574,1,0,1063.898751282741,1,2,3,2,3,3,2,2,3,2,3,3,37.693652235415364,17.780859056097174
0,45.96642408411058,0,0,113.23000260511026,2,3,2,4,1,1,5,3,4,5,4,1,31.372260668014757,41.74987318595746
1,51.013033358650624,0,0,67.0,4,3,1,3,2,3,4,3,5,3,4,2,0.0,0.0
1,36.77654646438194,1,1,254.92935241659677,4,3,2,2,1,3,2,3,1,1,1,1,7.222123511619731,10.834796956301915
0,32.75465901003996,0,0,67.0,3,2,2,1,1,2,4,4,4,3,4,2,0.0,0.0
1,72.34122023095651,0,0,67.0,2,3,4,3,3,3,4,3,4,1,4,4,21.52895618715299,40.491383856061674
0,37.438896645976435,1,1,833.7547580939946,3,4,1,4,4,1,1,3,2,3,2,3,60.34813661896941,69.3138100127087
1,36.82270725542655,0,0,67.0,0,2,1,1,2,2,2,4,3,4,2,1,0.0,0.0
1,53.39518575399623,1,1,503.1101955775332,2,3,3,4,4,4,4,4,3,3,4,4,0.0,0.0
1,56.70332466914972,0,1,67.0,3,3,5,4,5,4,3,3,3,3,3,4,8.439173577955472,0.22050987809538825
0,30.64370427591564,1,2,758.31184559953,1,1,4,2,3,3,4,4,5,3,5,2,0.0,0.0
0,32.78936771131917,1,2,67.0,3,5,1,4,2,1,3,2,3,5,4,2,0.0,5.342715421530205
1,54.679002154320635,1,1,898.5318695242258,3,4,2,2,3,3,3,3,5,3,3,4,36.53824169897351,56.807246091486284
0,26.469972076898582,1,2,3519.0487531837166,4,4,5,5,4,4,5,3,2,4,2,4,0.0,0.0
1,26.49902963273001,0,1,2402.212293116195,4,4,5,3,4,5,5,5,5,2,4,5,33.24373036590701,33.770789988247024
1,37.45678181586231,0,0,67.0,2,1,5,2,5,4,4,4,4,2,5,3,0.0,0.0
1,21.031399997354377,0,0,1383.122382614897,2,2,2,2,1,1,2,1,4,5,2,1,40.214440164724266,44.14860664987991
0,44.413064483503305,1,1,202.201115614419,3,2,5,3,4,4,3,1,3,4,3,2,0.0,1.3440952902648338
1,42.35371448794415,1,1,67.0,4,2,5,4,5,5,3,4,2,5,3,5,42.42808526436954,42.464573118696684
0,32.71498448263392,1,1,67.0,2,2,2,2,1,1,2,1,3,3,3,3,51.63174795583402,66.32089415813799
1,48.26516040035072,0,1,67.0,3,2,3,3,4,3,3,4,4,4,3,4,16.770169710267034,9.812850193342904
1,54.71564644880314,0,1,548.6979796032022,2,2,4,3,3,4,4,3,3,3,4,3,0.0,6.708006963539463
0,59.48592436298168,0,1,1936.5778130468798,2,1,3,2,4,3,4,3,5,5,5,3,55.88858652932261,46.9877917262643
1,43.24916746583198,1,0,1657.7594259588818,1,0,5,1,4,4,2,4,3,1,4,4,61.85831432340778,52.416821429716244
1,33.15073195778043,0,2,617.5568172773208,0,2,4,2,5,4,3,3,3,2,4,5,0.0,4.759026098462941
0,21.635193212780898,0,2,1849.5629600697941,3,3,2,3,2,2,4,3,3,4,3,3,31.84452476112269,17.821083514425023
1,55.50695536580869,1,1,1607.1951406766962,2,2,5,4,5,5,4,3,4,3,3,5,38.66916778402872,49.55197149055505
1,25.57710546418373,1,2,2239.1745574468496,2,2,3,3,4,4,4,5,4,1,2,2,5.201896848586834,20.24139097039047
0,32.68843156671351,1,1,513.435652459186,2,3,2,4,3,1,2,5,5,4,3,1,0.0,0.0
1,35.06397736501391,0,1,1724.7635467973419,4,4,2,4,2,3,3,3,3,3,4,3,30.907299607347376,47.379165047709414
0,42.2275165457461,1,2,1302.302373347711,4,4,1,2,1,2,4,3,4,3,5,2,31.660579928458258,44.22941823988237
1,59.05026572983408,1,2,1856.138638099614,2,4,3,3,3,3,4,3,4,3,3,2,4.477315409441681,0.0
1,67.96191430055084,0,1,1722.7311891422078,0,0,4,2,3,1,1,2,1,2,2,3,56.84226329401399,42.76677827145274
1,25.154417129480244,0,1,168.98660104876853,2,2,2,2,1,2,4,4,4,2,4,2,0.0,0.0
1,51.909050199765076,1,2,1737.497647856225,5,4,4,4,5,4,4,2,2,2,3,5,36.64302212527403,36.82231148575165
0,38.50519935607867,1,2,1256.8752422009456,3,4,2,3,2,1,3,2,2,2,1,1,25.480761358628463,7.320656291024019
1,50.62166963512741,0,0,126.86179009413797,2,2,3,2,4,3,3,3,3,3,3,2,0.0,4.689309462708566
0,28.89794431493847,1,1,2472.4937976337287,1,0,4,2,3,3,4,4,4,5,4,3,55.2529429158973,44.135160097468244
0,13.09791020125212,0,0,1203.2897582064186,0,0,3,2,4,3,4,3,4,3,3,4,0.0,0.0
1,36.96579372698695,1,1,1596.5884040118476,2,2,3,3,1,1,2,2,4,5,5,3,40.34360063069845,36.396267308391295
1,52.025854994658815,0,1,1852.1259000300074,3,2,3,4,3,2,2,2,3,2,3,2,8.420016176263463,24.09425887332992
1,51.13419898699802,1,1,93.56213789535309,3,3,3,2,2,4,3,3,5,3,5,3,0.0,0.0
1,52.944274069125065,0,1,933.8465964554459,1,3,3,1,2,5,5,4,5,2,5,3,47.336998678187456,54.948712964731385
0,45.960685717978635,1,0,445.33403500029624,4,4,3,5,3,4,3,5,5,2,3,4,21.47616943875356,29.811974700677204
0,12.049479028583768,0,1,250.16561466782503,1,1,2,2,1,2,4,1,3,3,3,2,45.943213036958674,65.80632984647988
1,54.43078771305442,0,1,1730.4420098563983,1,1,2,3,2,1,3,3,2,1,2,1,60.32790191488667,58.5790151008983
0,32.28647064178012,1,2,412.8699753058155,2,1,3,2,3,3,2,5,4,4,4,3,12.896009981650357,17.39392414176023
1,44.500648210585105,0,0,1022.9192992311014,0,1,3,3,2,3,3,4,2,2,2,3,0.0,0.0
1,53.862769726001844,0,0,462.5075431484446,4,3,3,2,4,4,4,3,3,2,4,4,0.0,0.0
1,56.14437835942276,1,1,1360.3439560118711,3,3,3,4,4,4,4,5,4,5,5,4,32.08057090889966,0.0
1,51.770268801382514,0,1,775.0540505360127,5,4,3,4,4,5,4,3,4,5,5,4,45.38749517220495,42.15476814978978
0,8.28087593719578,1,1,1861.3382403098467,3,3,2,3,2,3,5,2,3,4,2,3,0.0,0.0
1,47.20413140211074,1,2,557.9725498367799,3,4,4,4,4,5,4,4,5,5,4,5,33.88428449101791,28.190998412265284
1,36.71185001571034,1,1,274.6281850984376,1,3,5,2,3,3,3,3,4,1,2,3,0.0,0.0
1,49.80275421250518,1,1,884.9484571787805,1,1,1,3,2,3,4,4,4,3,5,2,0.0,0.0
0,23.105819505493987,1,1,977.1791436313885,3,3,5,3,5,4,1,2,3,4,3,4,0.0,0.0
0,30.44470182172859,0,0,281.3461341842125,0,0,3,1,3,2,3,4,3,3,5,2,5.853732738661991,1.3739692100284806
1,43.57446313089869,1,1,67.0,2,2,2,3,2,2,3,4,3,2,4,1,0.0,0.0
0,39.91159787909984,0,0,1106.1465507131059,2,1,3,3,3,3,5,5,5,4,5,4,21.908058376581444,27.53967532500645
1,30.36033506749397,1,1,1316.8196845193054,3,2,2,2,2,2,2,1,3,3,2,2,0.0,0.0
1,37.925820896627286,0,1,1330.659745114815,3,4,1,4,3,1,3,2,2,2,3,1,0.0,0.0
1,43.23178538025376,1,0,466.27201203281413,3,4,2,2,1,3,4,5,2,2,3,2,0.0,0.0
0,41.81173820714964,1,2,978.7187441446594,2,2,4,3,4,3,3,4,3,2,3,4,0.0,0.0
1,18.335333619269708,0,1,1323.279841837337,2,2,3,4,4,3,4,5,3,3,4,2,19.595698204758456,21.15670995161589
1,44.779243669398895,0,1,67.0,4,5,1,4,3,3,3,2,5,5,5,3,39.274968753869516,26.53488406983771
1,72.99561464944873,1,1,2288.9123086977934,2,3,4,5,4,4,5,4,5,4,5,4,0.0,0.0
1,13.172765376467805,1,0,375.72854261267673,3,3,2,3,1,2,3,3,4,4,4,3,72.72850521785685,54.47679602667782
1,37.74220041751762,0,1,1561.7400688909602,3,4,2,3,4,3,3,3,3,4,2,2,0.0,21.024222997708716
0,32.96208040725437,1,0,1310.5686178250905,2,3,4,3,3,2,2,3,4,2,4,2,0.0,0.0
1,13.044137490639983,1,1,67.0,4,5,2,2,3,3,4,4,5,1,5,2,97.31752190557808,100.16221876297135
1,58.51522868844818,0,0,1279.842270772604,1,1,3,2,4,3,2,2,2,4,3,4,0.0,0.0
1,59.431062689100116,0,0,1268.9695599490792,2,0,2,3,3,1,3,3,3,2,3,2,6.30935241565291,0.0
0,36.46522723598544,1,1,1607.9371973240538,4,3,3,2,4,5,5,3,5,2,5,3,14.09481766379842,17.763812759472025
0,46.88614202665564,1,0,1013.8863706993885,1,3,4,1,1,2,4,3,2,1,3,1,0.0,0.0
0,7.0,1,0,404.97353961899444,0,0,1,2,1,2,3,3,2,4,4,1,0.0,0.0
1,33.5112651687467,1,0,1511.6272853657247,4,4,4,4,5,5,2,1,2,3,3,5,49.777369796135716,50.156701449402455
1,38.01565022108747,0,0,190.0217519824197,2,2,1,3,1,3,5,5,5,4,4,2,58.62978681911728,45.5763169560081
0,14.934063607503258,0,0,102.6883181910498,5,5,4,3,2,2,3,4,3,3,5,3,9.859758780649049,2.9400946389222344
1,66.47398831656905,0,0,67.0,1,1,4,0,3,3,2,3,4,4,2,4,63.14053934406726,70.36165248434037
1,59.45108825972095,0,1,474.3518713291604,3,5,1,4,3,2,4,5,5,3,5,1,34.102464606880005,22.791995585195426
1,36.071629584179156,0,0,948.1115980771805,1,2,3,0,5,3,1,1,2,3,3,2,34.41120464409848,49.49290986546676
1,30.509335222371114,1,1,2861.2913168166506,1,1,3,3,3,3,4,3,5,3,4,4,38.43120390351872,44.74554625424833
1,43.24843667641697,1,2,1451.4535817583485,1,0,3,3,4,3,1,3,3,5,3,5,49.36512099739283,54.476503758698804
1,30.543445663662087,0,1,1028.9281655757586,2,3,4,3,4,4,4,4,4,3,4,4,31.488539940898345,22.130679178998165
1,61.21503854234096,0,0,2740.34412844674,3,3,3,3,3,3,2,1,2,3,5,3,0.0,0.0
1,36.03298955807394,0,1,948.9463526008662,2,1,3,2,3,2,2,2,4,2,4,2,57.66739002936953,106.40401302876384
0,15.906683671682526,1,0,335.131950433283,1,3,3,3,2,2,4,3,3,3,2,3,15.208731937996784,36.734407206724626
1,51.20445401034106,1,0,67.0,2,1,4,3,4,4,2,5,2,3,2,4,0.0,0.0
1,24.09459692892976,0,0,67.0,1,0,2,1,2,3,3,3,4,4,4,2,45.684248331475786,49.184683761649225
1,20.3505788004982,1,0,1561.2315716389203,3,2,4,2,4,4,1,3,4,4,3,4,32.52540670476617,11.468482642437008
0,38.60828894052102,1,1,1162.8591687851927,3,4,5,3,3,4,4,3,4,1,5,3,0.0,0.0
0,37.88695252305408,1,0,67.0,3,3,4,2,4,4,4,4,5,3,5,4,15.548844975314147,39.55475923074345
1,47.13846373290606,0,0,858.810008644419,1,1,3,3,3,4,5,4,3,2,3,3,0.0,0.0
0,18.50406097372421,1,1,1712.3214671948867,1,2,4,4,5,4,3,0,4,4,4,5,33.25705207121543,45.29054257237407
1,44.288091899782756,1,2,1252.1186067402487,5,4,4,4,5,4,2,2,4,5,5,5,17.550293289810885,22.404426407820075
1,28.594561219428357,1,1,602.2819733457275,2,1,3,2,2,3,4,2,4,3,5,4,10.210656169991847,18.883262120916537
0,32.970735739322706,0,1,1387.5030171659557,2,2,4,3,3,3,3,2,4,4,3,4,15.567829253611743,17.75559548517488
0,36.537361879708705,0,0,67.0,2,2,5,3,5,4,5,4,4,3,3,4,19.008193166009864,5.871276415436711
0,34.16102987099991,0,1,818.4613586395376,4,5,4,2,3,4,3,3,4,2,4,2,58.65088103951393,31.408836957690635
1,49.461314418025076,0,0,67.0,4,4,3,3,4,3,3,4,4,3,3,2,24.41936628387667,43.891146421870886
0,19.35705186821065,1,1,67.0,5,4,3,4,2,5,4,4,4,4,5,4,1.1336141005647118,18.263272097646546
1,65.78418648055826,0,0,67.0,3,3,1,2,3,3,3,2,4,4,5,1,0.0,6.451126623317849
1,40.80214908930406,1,2,2536.855336350724,3,3,5,3,4,3,2,3,3,1,3,4,0.0,0.0
0,34.18046527483489,1,0,1156.7457992449858,0,3,1,1,1,1,2,2,1,3,2,1,0.0,0.0
1,39.343130231211944,1,2,2537.7064276030233,2,3,3,4,5,4,3,2,3,5,3,4,44.222101511909116,64.12894367653804
1,31.83511739007679,1,1,2096.1415497154944,2,3,5,2,4,4,3,4,3,3,2,4,38.283537432604085,17.57474947039718
0,33.19355160968176,1,1,67.0,1,3,2,3,3,2,2,2,3,3,2,2,0.0,0.0
1,46.76807458154467,1,1,1824.7225256453498,2,2,2,2,3,3,3,3,5,1,3,3,0.0,0.0
1,37.03828631308342,1,0,67.0,5,4,4,2,4,5,4,3,4,4,5,5,0.0,0.0
1,26.488556101991975,1,2,67.0,0,2,5,1,3,4,2,4,3,1,3,4,14.390506563419049,3.3815433390237466
1,26.32077782957991,1,0,453.53886921208436,3,2,4,2,4,3,4,3,4,4,4,3,13.207324032437205,6.738341684514863
1,64.5482330124548,0,0,830.6984827532107,1,1,5,3,4,4,4,4,4,3,3,5,0.0,4.815783432277341
1,42.68849573483513,0,0,67.0,2,2,3,3,4,3,5,5,4,2,4,4,6.782706224552484,9.22822659724486
1,36.61760822096876,1,1,2305.3837860242693,2,4,3,3,4,3,2,3,3,3,3,4,66.35803338335911,80.6106526392636
1,15.819229691665324,1,0,1024.3579838956475,3,3,3,3,4,3,3,3,4,1,3,3,39.367245827075934,49.001095308982855
1,44.60497686949006,0,1,67.0,3,4,4,2,4,3,4,3,4,4,4,3,17.418040501104795,14.070317606872926
0,28.494020562407037,1,2,813.3433786152075,5,4,2,3,3,2,1,4,3,4,3,3,32.594681023055465,28.902477941146838
1,37.227612571536355,1,0,410.66995424403126,3,3,2,2,3,2,2,1,3,2,3,2,30.592315399705974,44.03571912707626
1,29.0705229658005,0,1,1354.3136632648002,3,3,2,2,3,1,2,3,3,5,3,2,0.0,0.0
1,27.979988304017738,1,1,885.2847766058803,1,1,1,3,3,3,5,2,5,5,5,2,25.49446325693831,32.46424257152382
1,26.861671177344483,1,1,1357.2577389348323,1,1,3,3,4,3,4,3,4,4,3,4,47.217997692892965,20.504197967313864
1,57.35573118303071,1,2,67.0,2,3,2,3,1,1,3,3,5,4,5,1,48.654681552095724,45.975747293981335
0,58.47450758145074,1,2,201.937703656013,1,2,2,2,3,2,5,3,5,5,5,2,0.0,0.0
1,58.14974377589638,1,1,1002.9853436922226,3,3,5,2,4,4,1,4,3,3,3,4,21.980171852213928,33.57590302711127
1,50.1357704275109,1,0,1303.8997651697407,3,4,3,3,3,5,5,3,4,4,4,3,8.367734030154864,10.72236488424888
0,7.0,1,1,1727.8673885165717,5,5,3,4,4,3,4,3,4,3,3,3,22.08594199530262,10.761050036446434
0,18.391094667528787,0,1,372.12778121288784,0,1,2,3,2,1,4,2,4,5,3,1,17.26755737105021,15.788865266184395
1,33.435278000479514,1,2,1325.9752071521311,3,4,3,5,2,1,2,0,1,3,2,2,26.693542250940315,19.765484737616955
1,52.52457603443823,1,0,1235.915092781295,3,3,4,5,5,4,3,5,2,4,3,4,0.0,0.0
1,31.32535319475069,1,2,1462.6652139646844,2,3,3,3,2,3,5,3,4,4,4,1,0.0,12.071583675309938
1,27.091737818094217,1,2,170.21427985858065,3,4,1,3,1,1,4,2,3,4,4,1,24.042212749705172,37.55311987772657
0,65.05168168766083,1,1,114.32672686517685,3,3,3,3,1,3,4,0,3,2,4,2,33.21102429714823,18.997797812092067
0,25.81970329918927,1,2,907.6285976971386,1,2,1,1,1,3,5,5,5,2,5,1,70.84882330720697,68.29024339548778
0,39.71634169210496,0,1,581.0867434319688,4,5,2,4,2,2,3,2,4,4,3,1,0.0,0.0
0,60.09876298802854,1,0,1460.302403773552,1,1,5,2,3,5,4,3,4,3,3,5,40.11519929556748,25.535869568307845
0,32.252404439941245,1,2,111.62308391772535,0,2,1,1,1,1,3,3,2,3,2,1,18.327576480788213,28.980073216276324
1,34.396239412628056,1,1,2977.4019380499326,2,3,2,2,3,3,2,5,3,1,1,3,12.215303445018233,26.66624817324484
1,28.118157549536775,1,2,2079.8419224218205,3,4,1,3,1,2,3,3,5,3,4,2,2.659313900223406,8.387194600502145
1,25.696836611204915,1,1,1726.8597580096553,1,1,3,2,3,3,5,1,4,4,5,2,29.745205516496526,28.753783161218568
1,36.27100164701728,0,0,1673.2619923105522,1,2,3,0,2,3,4,4,3,5,4,2,0.0,0.0
1,65.67102607858988,0,0,124.66098414563692,0,3,4,1,3,3,2,4,3,3,2,3,29.168844983642785,23.051908958953167
0,48.18670288838794,1,0,67.0,2,2,2,2,3,3,1,0,4,2,3,3,19.30394057975656,6.859425401724939
1,28.22171868244051,1,0,735.1318109385389,3,3,1,3,3,2,5,3,3,3,4,1,18.488269950260268,14.375911670955801
0,44.20682558196589,1,1,67.0,4,3,5,2,3,4,3,4,3,3,4,4,0.0,0.0
1,31.506863676029916,0,1,585.4237174342352,4,4,3,4,3,3,5,2,3,2,4,2,63.05614697706458,74.84848454150705
0,55.76288815895504,1,1,1199.2914615507739,1,1,4,4,3,3,3,1,2,3,3,5,14.153576571303937,31.654342069216852
1,52.23170710453367,0,0,67.0,3,4,3,3,3,2,1,1,2,2,4,4,22.560070400058102,28.700049591498367
1,32.97982820452652,0,0,1870.863833507582,2,2,2,3,4,4,4,3,4,3,4,2,0.10736566433957861,14.455916517886097
1,57.047416643287605,0,1,625.6120532124548,2,3,4,2,3,3,4,3,4,3,4,3,0.0,0.0
1,56.94590594043949,1,1,282.6597062604476,3,4,3,3,3,1,4,1,2,1,1,2,0.0,2.213393579526521
1,35.72954114904995,0,0,67.0,3,4,1,2,1,1,1,2,4,2,4,1,45.465972647245245,37.90984013029881
1,46.81555050398389,0,0,67.0,3,2,3,1,4,4,3,4,4,2,4,3,0.0,0.0
1,23.42891828577968,0,1,1083.3965926176315,4,5,3,5,2,1,2,3,2,3,3,2,44.55784242477657,42.445676879405994
0,54.13592816026205,1,0,2181.474468255802,3,3,3,4,4,2,4,3,4,2,3,3,0.0,0.0
0,31.330881825233355,1,0,458.7039483263717,1,1,2,2,2,2,4,5,4,3,4,3,23.195859705000682,31.984317143618796
1,51.20101227901984,0,0,67.0,3,1,4,3,3,4,3,4,3,2,4,5,0.0,0.0
1,30.895872002197727,1,2,1581.493504726079,1,2,3,3,5,4,2,2,4,5,3,4,37.364188406467306,44.69528749885474
1,36.977600321981065,0,0,806.8327515589581,2,2,3,3,3,2,2,5,4,4,4,3,38.33592061770884,53.527252093283266
1,38.198313762218724,0,0,1000.447420823446,5,4,5,3,2,3,1,1,2,1,3,3,42.333059732696405,38.09297028300038
1,7.0,1,2,1533.0220305822004,2,4,2,2,4,3,3,3,2,4,3,3,21.129158332164014,16.401452145935455
1,47.5966762739024,1,1,484.9675823017334,1,1,2,1,3,2,5,5,4,3,4,2,36.12456692084697,30.83733419870824
1,41.87399471770383,1,2,1148.5616465262249,3,5,1,3,3,2,3,1,5,4,5,2,6.077225720034626,12.731537327704999
1,74.36302263187602,0,1,2281.0218018042815,0,0,5,3,5,4,3,3,3,5,2,5,62.330972401380244,78.57980029361471
0,17.751264914970896,1,1,1859.1074609015836,1,3,3,1,2,4,2,1,4,2,4,4,41.17896787614261,33.54186448473481
1,36.569798670927256,1,0,877.5667862442313,2,2,2,2,3,4,5,3,5,3,4,4,0.0,0.0
1,45.33981934199171,1,2,2253.3781792786885,0,1,5,3,5,3,4,4,3,3,2,4,5.553315145334318,11.903125029554282
1,40.89651899179918,1,1,1005.2712189182972,3,4,1,5,2,1,3,3,1,3,3,1,58.42077297893311,72.90302788368192
0,58.4739208969535,1,1,408.26805012538534,2,3,2,2,2,4,4,1,5,2,4,3,32.4465778274478,36.94961272905048
0,27.42929552965938,0,0,991.376374596547,3,3,4,3,1,2,2,2,2,4,2,4,0.0,0.0
1,66.79697621135622,0,0,656.2034912808997,2,1,4,3,3,5,5,5,4,5,5,3,46.67586230715358,78.5718166699068
0,18.443896818565598,1,1,1525.298059638425,3,3,2,5,4,1,2,2,3,3,2,3,43.463443761525525,37.661735346995435
0,19.555991530438128,1,1,67.0,4,5,3,4,1,3,3,5,3,1,4,2,31.42651326234856,44.84145627422171
1,30.424110759828697,0,0,712.4285024594019,2,1,3,3,3,2,3,4,2,2,3,3,7.997254144163698,15.14112456638392
0,17.825857593740032,1,2,67.0,3,4,4,5,3,2,3,2,3,3,2,3,14.964288986778133,36.51826410343839
0,40.51832644726636,1,1,2603.5333758041716,3,3,1,2,4,4,5,5,5,3,5,3,0.0,0.0
1,46.636101102341236,0,2,1286.788221863468,3,3,2,5,5,5,5,4,4,4,5,4,0.0,0.0
1,21.092523168167443,1,1,2178.401071582966,4,3,4,5,5,3,4,2,3,4,3,3,36.46043112170508,59.480217956785225
1,46.36748807897618,1,0,991.2830937857638,4,3,3,4,5,4,5,3,3,2,4,3,0.0,0.0
1,55.88389763066975,1,1,1646.948073099787,3,3,4,3,4,4,3,3,4,4,4,5,0.0,0.0
1,35.297685652939556,1,2,1004.8821118920582,2,4,4,4,5,5,4,4,4,5,4,4,10.241926618974844,3.477798688287491
1,41.0418298606765,1,2,895.439784460985,5,2,5,5,4,3,5,5,5,4,5,4,3.519554872133998,2.1102143246945406
1,52.91103329190049,1,1,164.12944881923977,5,4,4,4,5,4,2,3,5,4,4,5,0.6165631754131287,18.17246893077685
1,28.429055915584755,1,2,3325.2975828125063,3,4,2,5,4,3,5,5,4,5,4,4,14.395668084875764,7.154642891758902
0,32.666337138427394,1,2,615.6406284022621,1,3,4,4,5,4,3,5,3,4,3,5,0.0,0.4859364598839697
1,28.670595541836363,1,2,3491.8294309855755,4,2,1,5,2,3,5,3,3,1,4,1,66.35291194910023,55.044461904616654
1,33.16198285391968,1,1,765.7170422515882,4,2,4,3,5,4,3,4,5,4,5,4,40.11635708203506,22.312450867589064
1,62.656500228136906,1,2,3992.0,3,5,2,5,5,4,3,3,4,3,3,4,0.0,10.41166491795572
1,46.761990044040346,1,2,67.0,3,3,4,4,4,3,4,5,1,2,2,3,6.018185196416557,0.0
1,21.677284370495766,1,2,962.1762336218757,4,4,4,5,5,3,2,5,3,4,3,4,0.0,0.0
1,49.09500813755099,1,2,2538.384298193241,1,3,3,4,5,4,3,4,4,5,4,3,0.0,0.0
1,7.0,1,2,2172.2002097519776,5,3,4,4,4,4,4,5,5,4,5,4,63.05735696564747,61.06950431237505
1,46.86977143164318,1,0,2422.792779489472,4,4,4,4,3,4,4,5,3,3,3,2,0.0,0.0
1,46.364795243947334,1,1,2741.7653874569405,3,5,3,4,2,3,5,5,4,5,4,3,17.862976572687508,25.614877354865527
0,7.0,1,1,1363.451447967816,3,4,3,5,4,4,5,5,4,5,5,2,50.860577665603415,65.58701433838088
1,48.82672608792517,1,2,2659.8029930998973,3,3,4,5,3,5,5,4,5,1,4,3,115.12339575048222,83.08613935261755
1,19.93667927391343,1,2,2226.963938661204,5,4,1,5,2,1,5,5,5,5,5,1,42.28913534422341,35.73462485408816
1,50.870603947192706,1,1,509.55786595481607,3,3,3,5,3,3,4,5,4,5,4,4,34.356759765952425,48.930331201158275
1,30.625630629869093,1,1,67.0,2,2,5,4,4,3,4,2,4,4,5,3,29.141464762617858,46.423771450700556
1,69.36991219361556,1,1,1107.1161683615194,2,2,3,3,4,4,3,5,3,1,4,4,67.48939952463792,87.09245269433288
1,23.74895504242502,1,2,2633.2617390906553,3,3,5,5,4,4,3,4,4,5,4,4,0.0,0.5877115974283278
1,25.74509847884061,1,2,313.02212615749534,5,4,4,4,4,3,4,4,4,3,3,3,21.41985061686263,21.702971925919975
1,83.86243955752107,1,2,2015.087527850808,4,5,1,3,2,2,5,5,4,3,4,2,0.0,0.0
1,46.84233551482264,0,2,1013.5594170470273,3,3,3,5,5,3,4,5,4,5,4,3,56.69957010699034,32.90419122215435
0,39.136879039919165,1,2,474.97600656618056,5,4,4,4,3,4,5,4,5,3,5,3,82.06762372755122,86.65942656724873
1,59.14029809312743,1,1,1491.7609295140114,3,4,3,2,3,3,4,5,5,4,3,4,64.08440318063415,65.53180606775567
0,47.745540219097464,1,1,1017.1829813810491,3,3,3,2,2,5,3,5,5,5,4,3,64.27878551922785,36.67742703132428
1,27.31039472515247,1,2,2592.9629696469274,2,3,3,3,2,4,5,5,4,2,5,2,37.37748996772177,23.319392415075068
1,40.887268098158685,1,2,1098.4058138709672,5,5,4,5,4,4,5,3,5,3,5,3,17.40548197944385,0.0
1,51.83649262716654,1,2,1916.393581194264,3,2,3,2,3,4,5,5,5,3,5,3,6.407045804409799,4.94411871405147
1,50.41138488021744,1,2,781.3945624328505,3,2,3,3,4,4,3,4,5,5,5,5,33.773020415407515,47.87843575118966
0,45.144208958491674,1,2,1139.7184086454004,3,3,4,5,4,3,4,4,5,4,5,3,0.0,0.0
1,70.06018331462366,1,2,2138.7122763489588,1,2,3,4,4,4,5,5,4,5,4,4,0.0,0.0
1,52.42970539216556,1,0,1028.2793713884093,2,1,3,5,2,3,5,5,4,4,4,1,61.921314126638286,60.489988795556584
1,56.00696490950659,1,2,434.67393178982877,3,3,4,3,4,4,2,5,4,3,5,4,30.37437026735372,43.59858489903531
0,35.741272992165655,1,2,850.8632538145216,2,3,3,4,3,4,5,4,5,4,5,3,1.300349893449889,0.0
1,53.44816358034391,1,1,3129.9532890363585,5,5,3,5,5,3,5,3,5,4,3,4,17.929269743118393,15.033075097252157
1,30.433163126069548,1,2,2087.7191902399954,4,5,5,5,5,4,4,4,4,3,3,4,18.19175936950868,19.140081195381878
1,49.85679209230054,1,2,1326.7119649851056,5,5,3,5,3,4,5,5,5,5,4,2,77.86459709309716,79.19168483043438
1,33.82078475972813,1,0,1295.9784690070599,3,2,4,3,4,4,4,3,3,4,3,4,21.211377018310667,30.668587786775795
1,40.994327486623654,0,2,1309.2940204880163,3,2,2,4,2,2,3,3,2,4,3,2,13.887079404449164,14.619225966665084
1,37.47191214121315,1,2,1532.2625567338423,3,3,3,4,3,4,5,5,4,3,5,3,0.0,0.8799979705418721
1,29.15298106958943,1,2,1973.7174317271476,2,3,3,4,4,4,4,2,3,3,4,3,12.635802859989223,25.838312847890005
1,51.32821953574269,1,2,445.84915368211466,2,3,1,4,4,3,4,5,5,5,5,4,100.04343108511615,79.08133354098712
1,35.36482592583498,0,1,1659.4786722014887,2,2,3,4,4,4,4,5,4,3,5,5,0.14169431529371934,0.0
1,36.88185103631919,0,1,1023.121033987815,2,2,3,3,3,4,5,5,5,3,4,2,0.0,0.0
1,56.13142395683501,0,1,1568.034990680911,2,2,4,2,4,4,1,0,1,2,3,4,0.0,0.0
1,46.92945442950307,0,2,1298.9957081211999,4,5,4,5,5,5,4,5,4,4,4,4,48.21045296516885,40.65091890938932
1,34.38200638927976,1,2,3264.746294391304,3,4,5,3,3,3,2,1,3,5,4,4,37.848661459942164,25.742410634495663
1,48.84919184255317,1,2,2066.2484113437968,0,1,4,3,4,3,3,4,3,3,2,5,91.38168613279008,77.02076129557254
1,53.7507854523444,1,2,1287.5827929373147,3,4,4,4,3,5,4,4,5,4,5,3,11.06244964842393,9.696355247780847
1,16.491775706795707,1,2,1332.4655545521466,5,5,5,4,5,4,3,5,2,4,4,5,23.663100279269656,8.897982871096737
1,28.694766500330726,1,2,1415.7108975982349,4,3,2,3,3,3,3,5,4,1,3,2,52.38315192426082,51.40212630101698
1,43.315355588849606,1,2,1409.4450076138428,4,3,3,4,4,2,2,3,2,3,2,2,16.57890153639579,0.7762944481835063
1,47.324508602235845,1,2,1551.6783576907933,3,4,5,5,5,5,2,2,1,4,2,5,0.0,0.0
1,15.417530442209408,1,1,1788.4241302789,3,2,2,3,2,4,3,5,3,3,4,2,46.95053096201153,49.36867001500591
1,24.520391849096686,0,2,1614.666426390322,4,2,2,4,3,3,4,4,5,5,5,4,0.0,0.0
1,31.43017298412373,1,1,67.0,5,4,2,4,2,3,5,5,5,5,5,2,0.0,0.0
0,30.903489678447357,1,1,2297.8431272983216,3,3,5,3,3,5,5,4,5,4,5,5,0.0,0.0
1,36.96721809832917,1,2,3612.872721426557,1,3,5,4,5,4,2,2,3,3,1,4,37.932446994888345,54.962971768049464
1,67.85844542524907,1,2,1537.8472045262213,2,2,5,3,5,5,3,2,2,2,3,5,50.488182134619905,48.36885929526886
0,31.525090663099874,1,0,67.0,2,2,4,4,3,5,3,5,5,2,5,4,0.0,0.0
0,48.66248136241159,1,1,1548.6183728767612,5,3,5,5,5,4,3,5,3,5,3,5,0.0,0.0
0,40.99762277326975,1,1,2028.8419694823442,5,4,4,3,4,3,2,3,3,1,3,3,62.084270999817946,44.76407988589092
1,45.16216931431768,1,2,1811.808189486338,5,3,2,4,3,4,5,4,5,5,5,3,47.7271554348198,55.5589614599521
1,48.77877968933878,1,2,431.5490596896925,3,3,5,3,4,5,4,5,4,4,4,5,27.24066687661304,36.055437196175866
1,41.38042538454705,1,0,1642.908220165714,4,2,3,4,2,3,1,4,4,2,4,3,34.92742073357007,42.47981176866663
1,42.33523546702251,0,0,3839.3948944316044,2,3,5,4,4,4,4,5,3,5,3,5,36.91471085470337,39.92009029125326
0,60.40701759053927,1,2,1340.6377082189551,5,5,5,3,5,5,2,3,4,5,3,3,0.0,0.0
1,30.94822005644756,1,2,2611.9850477529267,5,5,2,3,2,2,2,3,3,2,3,1,31.556021695363107,42.894172222059915
1,36.680126751341355,1,2,2031.127473702396,1,1,4,2,5,4,3,4,4,2,3,4,9.776117550795355,13.373684837934805
0,21.94247521421548,1,1,2162.4962175149203,4,3,4,4,4,4,5,4,5,5,5,4,48.34257531706766,50.677778136473954
1,32.70195560109717,1,1,67.0,4,4,2,3,3,3,4,4,4,4,5,4,60.708114201550785,75.97760184238963
1,45.803731576737206,1,2,1052.0373207676187,4,4,5,5,4,4,3,4,3,4,3,4,6.943084797954278,0.0
1,62.07352843715835,1,1,968.1180809840148,2,3,4,4,5,4,5,4,4,5,5,5,12.173710205040157,1.3225637723364798
1,24.018660384132737,1,1,67.0,4,4,4,3,4,4,1,3,4,3,4,5,0.0,4.541925839592917
1,43.18226592336225,1,1,466.2212721327386,3,3,2,4,3,2,4,3,4,5,3,4,39.22643492658233,26.98028594332709
1,40.83384181340584,1,2,2456.6926940746803,1,1,2,2,3,3,5,2,3,5,5,3,27.91149612964799,36.30294163403803
1,45.87168343864742,1,2,2722.5148634017896,1,2,3,2,4,3,4,5,4,3,4,4,24.44831265497863,32.49884967569863
1,59.20507554694923,1,0,1054.2516472917353,4,5,2,4,3,3,2,3,2,5,5,4,79.01867767680022,84.69620566264136
1,35.46963994412292,1,2,1698.166819223279,4,4,5,5,5,5,5,5,5,5,5,5,9.792926675254765,21.961896931000904
1,43.089846738296295,1,2,2417.2662462264534,2,1,4,3,4,4,5,4,4,4,5,3,0.0,0.0
0,34.39534299598792,1,1,67.0,3,3,2,5,3,3,5,4,4,2,5,3,0.0,0.0
1,43.31058832775094,1,1,1381.011767237087,3,2,2,4,3,4,5,3,4,4,4,3,0.0,0.0
1,49.34097322114234,1,2,2133.1653575271134,4,4,5,4,5,4,4,4,2,4,3,4,17.540821261557262,9.885984537397015
0,14.711673457423167,1,2,973.9987568337712,2,1,2,3,3,3,4,3,3,3,4,4,5.70030064909853,4.3939975573469265
0,68.77830872209763,1,1,1942.1263873013988,4,4,4,5,4,5,4,5,5,5,4,4,75.53619946434885,66.13373110508358
0,28.91823338628962,1,2,1122.4689055972483,2,3,4,4,4,3,4,4,4,4,5,4,0.0,0.0
1,39.05198261046597,1,1,1682.3283700470251,4,3,2,3,3,4,4,5,4,1,3,3,20.51541074601322,30.329466782517894
1,42.90158705238592,1,1,67.0,5,2,3,2,2,3,4,4,4,3,3,2,4.819656191943729,25.047197274056657
0,15.35927264103561,1,2,2231.521991935744,3,2,5,2,3,5,5,2,4,4,5,4,25.079099536717866,31.186807535641464
1,7.0,1,0,648.2270850015216,3,2,5,2,4,5,2,2,2,4,3,5,0.0,0.0
1,44.144270600563445,0,1,2092.828326143316,4,5,3,4,3,3,4,4,5,2,5,2,0.0,5.457313034039956
1,37.19612727234178,1,2,2172.592091414173,2,3,5,4,5,5,3,3,3,3,3,5,35.809417176714874,49.323537855864984
1,46.31787912301295,1,2,2290.349600995666,2,3,4,4,4,4,5,5,5,4,4,5,1.2138860244772172,8.17114595949765
1,26.91341666187617,1,1,760.8464006668565,3,3,4,5,4,3,2,4,2,3,5,2,66.91163567532779,54.570333230097965
1,55.80549107386922,1,2,1409.6969034059016,5,5,5,5,5,5,3,2,3,4,5,5,0.0,0.0
1,23.688108012030852,1,2,752.7779997681512,4,4,1,5,2,3,4,5,5,4,5,1,48.63301053992991,52.7748604487939
0,44.59216536421602,1,1,2450.5271105734746,2,1,3,4,3,4,5,5,5,4,5,3,15.150672707459412,10.691516248699012
1,23.77209079323195,1,2,1333.7244700469137,3,3,4,5,3,4,4,1,4,2,4,3,31.623173485222576,30.712181907534937
1,51.75028445830387,1,2,2268.051127932711,4,3,4,4,4,5,3,4,5,3,4,3,10.671744397757505,20.357489694160595
1,47.79810993409591,0,2,1220.2462918841084,3,2,1,3,2,2,4,4,4,4,5,3,0.0,0.0
1,26.759466743163706,1,2,1807.4979688702322,5,4,3,4,2,5,5,5,5,4,4,3,30.699516103636313,30.753631683347127
1,57.70712562086699,1,1,1637.6962222731363,4,5,4,5,5,4,4,5,4,4,3,5,0.0,0.0
0,18.45324019539401,1,1,2669.0128635584574,3,3,4,5,4,4,4,3,3,3,4,5,1.804052920213703,0.0
1,69.01375692982293,1,1,1088.5395727550683,3,4,5,3,5,5,5,3,4,3,4,4,0.0,0.0
1,39.695827504499924,1,2,2190.9104568364737,1,2,2,4,5,5,5,3,5,5,5,5,62.63328565787405,63.59337979192294
0,41.80366473551597,1,2,976.4147564837344,4,4,5,3,5,5,5,4,5,4,5,5,43.82151102436146,46.980937745363335
0,21.93154127517282,1,1,67.0,4,4,5,4,4,4,4,3,4,2,4,4,0.0,0.0
0,40.76759794828125,1,0,67.0,5,4,5,5,3,3,5,5,5,5,4,3,0.0,0.0
1,15.203014709043813,1,2,3381.336472254915,4,4,3,3,4,4,3,4,3,3,2,5,52.4693698202815,53.93504211747143
1,49.05077817824517,1,1,2517.718705118297,4,2,1,4,4,1,4,3,4,5,4,3,0.0,0.0
1,37.146728610936975,1,2,949.9487460784571,2,3,2,4,4,3,5,4,4,5,3,3,38.10957141287159,40.606470536032845
0,43.69968525709791,1,2,67.0,4,4,3,5,3,4,5,4,4,2,5,2,16.612659278451858,0.0
1,15.40419965061876,0,2,1042.2067287705852,2,1,3,5,3,3,4,3,3,4,5,4,0.0,0.0
1,50.283061936868286,1,1,393.79469751749605,5,4,5,5,5,5,4,1,4,1,3,4,0.0,0.0
0,29.272561929726482,1,1,67.0,3,4,5,2,4,4,1,5,3,2,5,4,36.722766980091585,19.57617773869873
1,59.0254827131637,1,2,1969.3623810700003,0,1,4,4,4,4,1,4,3,5,3,5,90.61912754634385,80.16588281854892
1,40.683933021569786,0,1,920.6610455205494,4,3,2,4,3,5,3,5,5,5,5,2,0.0,0.0
1,43.92229389285707,1,1,434.2698603994768,5,5,4,5,5,3,3,3,4,4,5,4,21.01516958494248,25.628255198829642
0,43.98557184179839,1,2,634.8317638601995,3,3,2,4,2,4,4,3,4,3,5,3,80.69004912908025,77.00862794127339
1,44.0782493682685,1,2,1635.4521849740254,2,3,1,5,3,2,4,4,4,3,4,1,10.699321565929633,4.8020679428558175
1,47.97723917439704,1,2,690.9378805262527,3,3,3,5,4,3,1,2,2,3,2,5,61.7556621357855,50.64928620875036
0,38.32614456383315,1,2,1886.759817017178,4,4,5,5,5,5,4,5,3,4,3,5,42.60387941339337,34.18064151583456
1,34.31266179948665,0,0,863.5066622996353,5,5,4,3,4,4,3,2,2,2,3,4,23.04315300944105,29.626198765614326
1,47.4987485265119,1,0,1796.361898629864,2,3,4,4,3,5,3,4,4,2,5,4,0.0,0.0
1,56.820618856735926,1,1,2440.43417136471,2,3,3,4,2,3,4,3,2,3,3,1,46.52309744553116,54.903697361921246
1,62.256393988908115,0,0,1459.2793624426658,4,3,4,5,3,4,5,5,5,4,5,4,0.0,0.0
1,49.69615894676614,0,0,1065.9162294300122,2,1,1,4,3,2,3,4,1,2,3,1,29.28346326753755,53.281103145141984
1,46.597637332482684,1,2,692.6491017508331,1,2,3,4,3,3,3,5,4,4,4,3,0.0,0.0
0,26.539905995057758,1,1,67.0,4,3,4,3,3,4,4,5,4,4,3,4,14.876375298777369,8.808050116947488
1,78.63754205887493,1,2,773.6928968324216,4,2,4,3,4,4,4,4,4,3,3,2,67.99783502249146,89.89754194151163
1,45.91565782961875,0,1,2899.863470374502,3,3,3,5,4,3,5,3,2,5,3,4,2.2180613496496377,11.271957653744044
1,72.5628066881293,1,1,692.747740244825,2,3,3,3,4,3,2,1,4,3,3,4,14.60592658743819,22.994691679505816
1,30.786108341787298,1,0,1602.507743586194,3,4,4,5,5,4,3,3,2,2,4,3,0.0,0.0
1,56.61528973533008,0,1,227.6973896407526,3,1,5,5,5,5,2,3,3,5,5,5,16.607865947185932,17.330678240300575
1,29.872915987366838,0,0,1591.069459111533,5,5,4,4,3,2,4,4,4,2,3,2,18.61704645554592,17.64002599330827
1,7.0,1,2,1507.495207605197,1,1,2,4,4,4,5,2,5,5,5,4,0.0,4.906496389488261
0,57.590747479398566,1,2,1228.7762274359418,2,1,4,5,5,3,4,3,4,3,3,5,0.0,0.0
1,32.34233599020473,1,0,945.5461287500186,2,2,5,4,5,5,3,5,4,3,5,4,42.627665718298914,39.57509862474324
1,43.32631404546015,0,1,2409.4113093018277,4,4,1,4,4,4,4,5,4,4,4,4,2.5919521285707834,29.004066386661197
1,29.779672122802502,1,1,1343.9227002177163,3,4,5,3,5,5,4,5,5,2,4,5,0.0,0.0
1,24.29864778920605,1,2,1720.7086955895807,3,3,4,5,5,5,4,5,5,4,5,5,0.0,10.572990041370574
1,48.17525066652554,1,0,1798.7513912766512,3,3,4,3,5,5,3,3,4,1,4,3,0.0,0.0
1,43.4798713880397,1,1,745.3127025889702,3,3,2,4,2,3,4,3,4,2,4,1,0.0,6.9649044677308645
1,46.28250366911867,1,1,1232.797452742809,1,2,2,3,3,4,4,5,4,3,3,3,0.0,6.434048945925353
1,38.306555146069556,1,2,909.5422082446978,4,3,3,4,3,3,3,3,3,4,4,3,26.159109795010227,29.526557674805424
1,37.869717345878826,1,2,67.0,2,2,2,5,4,2,3,5,2,4,1,4,15.222232563869134,18.00771326787076
1,49.10144303407792,1,1,415.8376870405534,1,2,2,3,3,4,3,5,4,2,3,2,12.163485463381026,13.756133172677709
0,15.194423086264745,1,2,1856.502380348401,4,3,4,5,5,5,4,4,5,5,5,5,8.489804249990755,32.50553335085695
1,69.60125872290696,0,0,556.1671037789989,3,4,3,5,4,4,5,5,5,5,5,3,21.592422039910957,1.0447806930712265
0,21.48201440504064,1,2,2375.5614109513563,4,3,5,4,4,4,5,3,4,3,3,4,21.002023028919066,11.497690404943487
1,33.54063219940341,0,2,1297.629771678473,5,4,3,4,4,5,5,5,5,4,5,4,3.996112368066699,0.0
1,22.099465184221135,1,2,1731.0965029686674,5,4,4,5,5,5,5,3,3,4,3,5,37.170451220216705,29.4599917519446
0,46.854672803368054,1,2,1336.3463754646696,4,2,3,3,4,4,4,3,4,5,4,3,19.305447509156878,8.15838806093214
1,42.10926979372493,1,1,1952.8360981432782,4,4,1,4,2,1,1,3,2,5,2,1,72.83081693007438,92.2527461889557
1,44.545988010721715,1,2,506.4871772500941,4,2,5,5,5,5,5,5,5,4,5,4,26.69944274143071,26.793115043897153
1,24.690037788324805,1,2,1449.77209946128,2,3,5,3,4,3,3,3,4,4,4,4,19.73711941751067,0.0
0,39.18192116307958,1,1,1063.9499618778282,2,4,2,3,1,3,4,3,4,4,5,2,18.33756591650834,27.24415910683179
0,51.07549166790139,1,2,1279.8729020180042,4,5,1,3,2,1,4,2,3,3,4,3,69.55277303717291,74.64671449710829
1,22.272399552106474,1,2,913.3662603858335,2,2,4,2,4,4,3,3,4,1,4,3,0.0,0.0
1,57.91177871242784,1,2,1520.5132851551662,3,3,2,5,3,2,5,4,3,5,4,3,0.0,0.0
0,35.8543893707683,1,2,1738.5904983189287,3,3,3,3,2,4,5,5,5,3,5,4,21.735478126771714,10.49911731461577
1,32.20864438069114,1,2,792.3875394511429,5,5,2,3,1,5,5,4,5,1,5,2,38.42092037689301,46.94122218292345
1,52.56041359367701,1,2,1979.8378772785109,3,3,3,4,3,5,4,3,3,3,5,3,45.81482070208845,37.42249491747858
0,26.81774732764324,1,2,2785.1497946702293,2,2,2,2,2,3,5,3,5,3,5,2,0.0,0.0
1,46.912953267767435,1,2,1154.144099418681,5,5,1,4,1,1,2,2,3,4,3,1,0.0,5.2619175658718405
1,54.79927780674476,1,2,1883.8404107553022,2,2,4,4,3,3,4,5,5,5,4,3,28.654578562168187,20.055920379051702
1,44.99719459888463,1,2,3207.542421926678,3,4,3,4,4,5,4,5,4,2,4,3,9.84206995840774,28.19925568262493
0,28.49751313993302,1,2,2000.8402922905375,3,3,4,5,4,5,3,3,3,3,3,5,9.520012649209189,3.735060957572056
1,62.50132942973703,1,1,2025.7463940306125,3,1,4,5,5,2,3,4,2,5,1,4,18.739078752029926,17.22387360383565
0,27.11330045653649,1,1,589.2273360153675,5,3,4,4,4,4,2,2,3,1,4,3,15.805083894331132,24.54404927980196
1,53.380286427290045,0,1,1854.5514622630835,3,1,3,5,5,5,5,5,5,5,5,4,0.0,0.0
1,42.498969580168804,1,1,1173.651853968513,4,3,2,4,3,3,4,5,5,5,5,4,0.0,0.0
1,44.06970059984963,1,1,1143.9531025760089,4,4,3,4,5,4,5,4,3,5,4,3,14.53277130447286,12.321656606396278
1,56.02723892680912,0,1,1949.3443057191384,2,1,3,3,5,5,4,5,5,2,4,5,0.0,0.0
1,47.668092485592105,1,2,2650.132720562878,4,5,3,3,3,2,5,5,5,3,5,2,26.82799430317184,25.974554843155808
1,23.91546936843674,1,2,1800.124107407243,2,3,1,3,2,3,5,5,5,2,5,2,18.350763186067596,18.346936304398255
1,57.46250906110815,1,1,861.3617838691041,4,3,1,3,2,3,5,2,4,3,5,2,0.0,0.0
1,42.74541847028268,1,2,361.12244333900935,3,5,3,5,3,3,4,4,3,5,5,3,36.39671331828392,26.178699663367727
1,15.445652072961064,1,2,2338.0809461442345,2,2,2,4,4,3,5,4,5,5,5,3,0.0,10.234425135018899
0,56.959392323136925,1,2,344.3000186051522,4,5,2,5,3,3,5,4,4,4,5,2,29.068672659020486,26.69439321712725
1,43.75829893890366,1,2,625.4137344721056,1,2,2,3,2,3,2,3,2,2,4,3,49.010013068313356,25.589807329323136
0,22.672161136782808,1,2,2279.2309387936525,4,4,4,5,4,4,5,3,5,5,5,5,48.56960453268867,47.3168073350917
1,39.59959304790871,1,2,2034.0815801007104,4,3,4,5,3,5,4,5,4,3,3,4,0.0,0.0
1,58.69032509633321,1,2,2110.5683601407663,3,4,4,5,5,4,3,3,4,4,4,5,0.0,0.0
1,84.27326446916464,1,1,776.9377736339571,3,3,5,4,4,3,2,2,2,1,2,4,51.109949326128756,34.692411991255575
1,15.356416913627083,0,1,2917.092575544015,2,2,1,3,1,4,4,5,4,3,4,2,5.9914911092546745,0.0
1,48.803603033932816,1,2,1238.5269627710002,2,2,5,5,4,5,5,2,4,2,4,5,0.0,0.0
0,44.62768603261542,1,1,1993.5693912630481,2,2,5,4,4,4,2,3,4,3,4,5,0.0,0.0
1,63.9882408024432,0,0,1475.0337545007806,4,3,4,4,5,4,5,5,5,4,5,5,0.0,0.0
0,32.432759467540734,1,1,832.1346952368898,3,1,5,3,3,5,1,2,2,3,4,4,57.65896245682381,56.36822062410041
0,36.779868500387096,1,2,1683.3185757439783,3,3,4,4,4,4,3,2,4,4,5,5,44.233973414502934,32.18311985301303
1,66.59213849092988,1,2,2328.59512170545,2,2,3,4,4,3,5,4,5,3,4,2,32.448602701796716,40.80489531210634
1,39.36560687512153,1,1,1612.860696148445,3,3,4,4,5,5,3,5,5,5,4,5,0.0,0.0
1,42.944449744896595,1,2,2494.1110210808306,4,2,3,5,5,4,2,5,4,3,2,4,42.20298635160424,50.42923187384103
0,31.059080487822442,1,2,67.0,3,2,4,5,3,4,5,2,5,5,5,4,21.426888142580072,7.189287871662424
1,12.787967641787922,1,1,1416.1546045902073,3,0,5,5,4,4,2,4,3,2,3,5,80.21693343176423,51.683026287138134
1,30.167022135171297,1,1,462.5631942560642,3,4,5,3,5,5,4,3,5,4,5,5,34.669768537088515,50.86796011242111
1,60.112081336734704,1,2,1437.734837241995,4,5,4,4,4,4,3,4,3,3,2,3,12.963150794191463,2.1428563037948987
1,37.62376146130204,1,2,1172.511281087465,3,3,4,3,4,4,2,5,4,4,4,5,0.8242782995775499,0.0
1,38.170776821323884,0,1,1187.7544655816846,2,2,1,2,1,2,4,5,5,3,5,1,0.0,0.0
0,12.520588438707609,1,2,369.80825964015924,5,4,3,3,2,4,5,5,4,4,5,3,0.0,0.0
1,48.550984948244874,1,2,3250.7514587174855,3,3,2,3,3,2,2,3,3,4,3,1,0.0,0.0
1,42.506010699083205,1,1,1136.9756479928728,2,3,1,3,1,1,2,4,1,1,3,1,19.30919294016837,4.1074803216135365
1,16.204633258217324,0,0,507.46242529036465,3,1,2,4,4,3,4,5,5,4,5,3,28.62781060867961,9.681790336114044
1,15.087891646159214,1,2,1367.580405631974,5,5,3,4,3,3,3,4,3,3,5,4,84.40369361630677,72.03589338148706
1,47.215940249722685,1,1,758.2943493317496,4,4,3,5,3,4,5,5,5,4,5,2,50.08101342966618,33.829398748275416
0,12.649402670535487,1,2,67.0,2,1,4,4,5,5,4,5,5,2,4,4,38.51081348331692,59.43247249002915
0,7.0,1,1,1386.9830576352083,2,2,2,3,1,2,2,4,4,3,5,2,60.75462821349699,46.95420009241211
1,48.34805981926841,1,2,2415.598152448787,3,3,2,4,3,3,2,3,3,4,3,4,25.865048494743256,22.91021521823567
1,45.58762718111558,1,1,67.0,5,4,4,5,4,4,5,4,5,4,4,4,11.784500715263938,15.27988335524927
0,43.10718623291747,1,2,1557.2762552698614,3,3,2,4,2,2,3,2,4,5,4,3,61.76688734665926,64.731187586039
0,52.12447073653871,1,2,1753.6117354148373,5,4,5,4,5,4,3,2,4,2,3,4,19.943720086603516,42.82775653070823
0,32.812916967563154,1,1,506.74323432104245,2,2,4,3,5,4,4,5,5,5,5,4,29.8105572348086,29.315135367942162
1,60.26148852501353,1,2,2744.9330768822365,1,3,3,2,3,3,4,5,5,3,3,4,51.56977017710864,58.464185912259794
0,68.78700979503799,1,2,1943.1621511378416,4,5,4,5,4,5,4,3,3,2,4,5,39.0886496604611,31.50045638817
1,52.00357429586467,1,2,2055.1824277620453,3,4,2,3,1,2,5,5,4,5,5,1,0.0,0.0
1,49.79409539044545,1,2,3542.050147079672,2,2,4,5,5,5,5,5,5,5,4,5,48.588922144126336,34.34250574380301
0,48.17118673154284,1,1,240.58036718372193,1,1,5,4,4,4,4,3,4,3,4,5,41.11376154852271,37.281611603912836
1,31.372440524627667,1,2,1369.73688976441,3,3,3,3,3,2,3,5,4,3,5,3,8.537371070333482,0.7272170854853037
1,34.993085406836244,1,2,1642.1960958198965,3,1,4,5,4,4,4,3,4,4,5,5,0.0,0.0
1,46.838165942030656,1,2,1817.0078975528631,3,4,3,4,4,4,4,4,4,4,4,3,57.4003309993008,52.80013773346052
1,74.57878476802541,1,0,3316.0673790033757,4,4,4,5,4,4,4,5,3,1,4,4,59.1710190071259,73.75356785011246
1,42.76993869783808,1,1,984.8912661848868,2,1,4,3,4,5,4,4,5,4,5,4,52.46703018762741,53.44727630390839
1,40.10831855626882,1,2,1904.1428022899672,3,2,4,5,5,5,5,4,5,5,3,5,34.01865327876057,55.84464960495701
1,44.58997478033484,1,1,1690.8082912154282,2,3,4,4,4,5,5,5,5,2,5,5,40.178616304348836,64.9152402474416
1,34.0819412528094,1,1,1302.22687738245,4,5,1,4,1,2,4,4,4,3,4,2,51.727167529570906,55.67092223254434
1,61.82623508459333,1,2,1298.4426101328584,4,5,4,5,3,4,5,3,4,1,5,4,0.0,0.0
1,42.15213026787285,1,2,2245.324155085754,3,5,3,5,5,4,5,4,5,4,5,4,45.509272879847444,13.65285170878264
1,60.47631965999925,1,2,2275.8252602282573,3,4,5,5,4,3,3,3,5,2,4,4,4.771546718217079,0.0
1,9.060844684053574,1,2,2333.726756838622,4,3,5,4,5,5,3,3,2,5,3,5,2.6672438623811114,10.18251930520399
1,55.72726193890818,1,2,540.2379719592075,4,4,4,4,5,4,5,5,5,3,3,3,35.875969437748,39.77564578045589
1,45.31524853662306,0,0,1319.087029328114,4,3,5,3,4,3,2,3,2,3,3,4,23.348494529435353,43.79096465403205
1,35.11789451961036,1,2,1744.2364627465893,2,2,4,5,5,3,2,3,3,4,3,4,0.0,0.0
0,35.33515941838351,1,2,2386.042343859558,5,5,5,5,4,5,5,3,5,5,5,3,92.84105358102425,68.71181726854293
1,44.60841873876801,1,1,609.3155605542388,3,2,4,4,4,3,4,3,2,4,5,4,0.0,0.0
1,40.25559682206453,0,1,724.3268217009381,3,3,3,3,2,5,4,4,4,4,4,3,30.700291019406656,52.63806210872018
1,52.786735135823484,1,2,1683.7872136251358,4,4,3,3,3,5,3,4,4,4,4,4,36.399898513800224,40.69114548145897
1,24.42718737505141,0,1,67.0,5,4,3,3,4,4,4,5,5,3,5,4,0.0,0.0
1,42.205807054812865,1,0,350.79925431801087,4,4,3,4,3,4,5,5,4,3,4,3,27.601424425051125,36.557009887447386
1,66.39516896005819,1,2,1651.7440151338428,2,5,3,5,5,4,5,4,5,5,5,4,6.45520378369789,12.412643425975862
1,35.63367619658103,1,2,1517.3706134586887,2,2,3,1,3,5,5,5,4,2,4,3,0.0,0.0
1,55.65415245794693,1,0,1846.7931960180417,5,5,3,4,4,4,2,3,3,4,3,4,65.86307784231713,42.55262970100431
1,59.85906331747472,0,2,878.1697015321888,3,2,5,5,5,4,5,5,5,4,4,5,0.0,0.0
1,46.72996013260425,1,1,1621.327585885535,4,3,4,5,5,3,2,4,3,5,4,4,26.63260036719801,21.44899160856617
1,53.47646314585889,0,1,1142.5791311282476,2,2,4,3,2,1,3,4,2,4,3,4,27.553682442456896,16.01857103964667
1,45.33086257837492,1,2,3455.977411522119,3,5,4,5,5,3,2,3,3,4,2,4,0.0,0.0
1,10.646462357510785,1,1,1553.0061601614575,3,2,4,3,3,3,1,4,4,1,4,3,22.243507219081295,17.588371684746754
1,44.609147795055264,1,1,2759.5212121942386,5,4,5,4,4,3,3,3,4,4,4,4,5.26936976143287,7.659507195890525
1,44.63317287345489,1,2,2732.5344578770773,3,3,4,3,2,3,4,2,3,2,2,4,5.509798652518246,13.244004158777146
1,46.12258611905937,1,2,936.285226610848,4,2,5,3,4,5,5,5,4,3,5,3,33.65155865672257,31.636254810456272
0,37.5043812741368,1,1,1279.7435173062356,2,3,4,4,2,3,3,5,3,4,3,3,0.0,0.0
1,35.54679190528291,1,2,1013.5675364790391,2,1,3,4,5,4,3,4,4,2,5,4,19.15125268925118,20.98920994253393
1,66.77005049490943,1,2,1043.497407818106,4,3,4,5,5,5,5,3,5,5,4,5,42.38126995589198,41.9775019471606
1,44.29893380220306,1,2,760.4949008707961,4,5,3,4,3,4,4,5,3,3,5,2,0.0,0.0
1,45.23592862295389,1,2,1647.0066875394073,2,4,4,4,4,4,3,4,5,5,5,3,44.05648466391309,42.365950586437535
1,7.563880043314441,1,2,3690.816510835996,4,5,4,4,5,5,3,4,3,4,4,5,104.37025194669947,96.60951106192218
1,17.46717662052704,0,1,1981.108381176639,1,0,2,4,1,3,3,4,4,3,5,2,0.0,0.0
1,43.24347519428956,1,1,846.4082175498486,3,3,2,4,3,3,4,3,3,3,3,1,10.587899983882409,1.2362941212596663
1,42.01691380304232,0,1,1664.3108213432718,3,4,5,5,5,4,3,5,4,3,3,5,0.0,3.8218512099587656
1,25.29928254541288,1,2,1115.084534691421,1,3,4,5,5,4,3,3,4,5,4,5,57.72417855775609,46.401355625835976
1,39.64811107990633,0,1,75.6482105889113,3,4,4,4,4,3,3,2,3,3,3,5,0.0,0.0
1,55.604543347703824,1,1,2624.956511039537,3,4,5,4,5,4,5,4,5,4,5,5,31.04814461554128,35.30271566163952
1,45.14976535841769,1,2,298.222106551729,3,3,3,4,3,3,3,2,4,4,4,3,43.76320198489226,43.46483654572977
1,52.74343612515822,1,2,582.5915793692341,3,3,3,3,4,3,5,4,4,4,4,4,0.0,0.0
0,57.85008903299608,1,2,3314.918306902131,4,5,5,5,4,4,1,3,2,1,4,5,0.0,0.0
1,23.386092194324114,1,2,2063.159909022639,4,5,4,5,5,3,3,1,1,4,2,3,70.98933067631046,71.06506557006148
1,27.352131706368688,1,1,67.0,2,2,4,3,4,4,5,4,3,4,2,4,0.0,0.0
1,44.076762025690925,1,2,2876.667909188428,3,3,2,4,4,4,5,5,5,5,5,3,0.0,0.0
1,46.622843717649104,0,1,2189.3662063836223,4,4,2,4,4,3,4,4,4,5,4,2,25.835726376241897,13.12409255888265
1,29.31317321814481,1,2,2988.153843836864,3,3,5,5,5,4,4,3,3,5,2,5,19.869400124345994,21.44126928732792
1,14.537685140494268,1,2,2663.0614893307943,3,2,3,3,3,4,3,3,3,3,4,3,4.6631219473119625,0.0
1,27.48292474608678,1,2,3615.8382674549584,3,4,4,2,3,2,2,4,2,1,3,3,0.0,0.0
1,40.99252794390951,1,1,1755.0603140659443,0,0,1,2,4,3,5,4,4,4,4,3,0.0,0.0
0,35.367058528092656,1,1,1106.943324212273,2,3,4,3,3,3,5,4,3,4,5,3,0.0,0.0
1,50.58838989485727,0,1,1279.009389746609,3,3,3,5,4,3,2,3,2,3,4,3,0.0,0.0
1,35.03506884891214,1,1,1084.9108011301337,4,4,3,4,2,3,3,5,4,4,4,3,0.6685475160492977,0.0
1,30.27767595918496,1,0,266.89968426370035,3,2,5,3,5,5,2,5,4,3,4,5,79.27482653516479,74.86865858607662
1,62.594483804014004,1,2,2086.4010106487895,1,1,5,4,1,4,3,3,5,5,4,4,72.76511089126245,65.35442286024382
1,56.15697205899774,1,1,704.4012542237998,3,4,2,4,3,2,3,1,3,4,4,1,0.0,0.0
1,31.70493029157008,1,2,2574.571816693141,2,4,1,4,2,2,4,3,5,3,5,1,0.0,0.0
1,74.79787131471451,1,1,957.1533237115364,5,5,2,5,4,2,4,4,5,5,4,3,26.734144161414854,15.343204462278415
1,33.33817090335296,1,2,1188.098935718443,2,3,3,2,1,3,5,2,5,3,5,2,43.7227582663066,56.92630766412136
0,34.56587508956887,1,1,1198.0509341136353,2,2,5,4,3,4,2,4,3,3,3,5,59.17285661871857,53.49637464975737
1,41.67631966803298,1,2,3147.5604992362314,4,3,3,4,5,4,3,4,4,4,4,4,1.364772708058453,17.49453261343847
1,23.35887479147871,0,1,2033.5106789478955,4,4,2,2,3,3,3,3,3,1,4,2,57.06631062993887,50.71681180725789
1,37.27307012128024,1,2,3585.1718476708115,2,2,3,5,4,5,3,2,3,4,4,5,0.0,0.0
1,41.00110130316824,0,1,2328.5245485833702,2,2,2,4,5,4,2,2,4,4,4,5,17.508528093766827,30.407425426477214
1,49.269863801085954,1,1,562.4677757081654,3,3,1,4,1,2,2,2,4,2,5,1,28.610835993584523,36.29912983400895
0,51.36705802866044,0,1,67.0,3,4,4,4,2,4,4,2,4,2,3,3,0.0,0.0
1,37.744551660233846,1,2,1602.4834524815396,4,3,5,4,4,5,5,2,4,5,5,5,0.0,0.0
1,34.94780003950748,1,2,1335.7428723954804,2,2,5,3,5,4,3,5,4,5,3,4,12.707933077568523,25.681996707128697
0,35.55846045527872,1,2,2076.074048631118,3,4,2,4,4,4,4,4,5,2,5,2,3.80191775362826,21.37170562715361
1,67.50377000050139,0,1,2294.3622441673124,1,0,5,4,5,3,2,2,3,3,1,4,0.0,0.6831116767733842
1,48.06642982033336,1,2,1236.4568604713204,3,2,4,4,4,4,4,5,5,2,5,3,0.0,0.0
0,34.31091666837392,1,2,2036.9218149408869,4,4,3,4,3,5,5,5,5,2,5,4,41.0714264418402,48.00133720459011
1,29.514009805175696,1,2,2169.329490445229,5,3,4,3,3,4,2,3,4,4,4,4,30.741510932022774,29.075688366232338
1,49.23308346143153,0,1,1558.565892090429,4,3,1,4,2,2,5,3,4,3,4,2,5.5072307746143085,29.230939911600295
1,41.61918437551609,1,2,1707.1679689472971,3,2,3,3,2,3,5,4,4,3,4,3,7.673587791097311,28.136223216635994
1,42.86429833938321,1,2,1532.0788678303466,3,3,5,3,4,4,4,5,4,4,4,3,0.0,0.0
1,62.08612431998601,1,1,1513.1663729548004,5,5,5,5,5,5,5,4,3,2,4,5,17.262294147673646,34.75707976426236
0,58.87229272980126,1,1,1670.8701094018102,4,2,3,4,5,4,4,3,5,3,5,5,26.63571350672988,20.742210258349104
1,34.21058580466828,1,2,1960.7596629771792,4,4,5,4,5,4,5,4,5,5,3,3,6.208523496708789,0.0
1,44.549153742782515,0,2,175.84943267027188,4,4,4,3,3,5,3,5,5,4,5,3,22.249982788173238,36.33661576116152
1,47.91451744478845,1,2,882.070776955445,2,3,5,3,5,5,4,4,3,3,3,4,36.533093779524705,22.737135803204872
1,60.85830265318643,1,2,2527.8491355712945,2,2,4,4,3,3,2,3,2,2,2,4,47.991324728227845,43.73796588945671
1,47.09955510905972,0,1,2784.2401206779823,5,3,3,5,4,5,4,5,5,2,5,3,1.2642666992225209,0.0
1,55.87716637835831,1,1,1825.517179772347,3,3,4,5,3,4,3,5,4,4,4,4,17.542199383763215,5.289806528954671
1,42.17021867288823,1,1,67.0,4,4,5,4,5,5,4,2,4,3,4,5,32.19735239010666,25.71416941026871
0,58.65598342196516,1,1,2307.896265563398,5,5,3,4,4,4,5,5,5,4,5,4,41.15750128163513,51.84204404437708
1,85.0,0,0,117.21245354799225,2,1,3,1,3,5,5,4,3,3,4,3,23.012668584938694,45.30725291454194
1,54.46519049103881,1,2,2854.5375853873293,4,4,5,5,5,5,2,1,3,3,3,5,0.0,3.2042749410215823
1,49.94085571830156,0,0,1403.3337992419688,2,2,2,5,4,2,3,3,1,5,3,3,39.854815415133835,35.12577729790208
1,62.806483896323996,0,0,67.0,4,5,2,4,2,2,4,3,4,3,5,1,0.0,0.0
0,23.157894167771513,1,2,2830.404195709798,3,2,4,5,5,3,3,3,3,5,4,4,63.39959339770606,57.01852278975608
0,37.44721606554804,1,2,1119.6196717541256,5,5,1,5,2,1,4,3,3,5,3,1,3.6822421344564713,11.24161803805257
1,55.72533672395295,1,2,1810.8590582659376,3,2,1,4,1,2,4,4,4,5,4,1,98.5351702097674,79.91232582411128
1,43.91720902071151,0,1,1956.1239981089966,5,4,4,5,3,5,4,4,4,3,5,4,0.0,0.0
1,62.64625772691976,1,2,3294.0136884586536,2,2,2,5,2,2,5,5,5,4,4,1,0.0,0.0
1,47.707643686949304,1,2,778.5795492970125,4,4,3,4,5,3,4,5,3,5,4,3,8.805859317761904,23.484238446228066
1,41.2038450338093,1,1,2178.5670651037562,4,4,1,5,3,2,4,2,3,3,4,2,0.0,0.0
0,39.31547195779174,1,1,838.9262642198637,4,4,4,5,4,3,4,3,3,4,4,3,0.0,0.0
0,42.00244022639238,1,1,67.0,4,5,2,4,3,3,5,4,5,3,5,1,0.0,0.0
1,50.210263132744416,1,1,2341.179191158466,4,5,4,5,4,5,5,4,5,4,4,4,2.9152901584949973,21.80854672779546
0,52.649378720605576,1,1,1686.5045090579347,3,3,4,4,5,3,2,4,4,4,4,4,0.0,8.228890118194432
1,51.136448518687175,1,2,1823.793376382102,3,3,4,4,5,5,2,5,4,3,4,5,54.5160371096238,51.19756061353141
1,30.741741891295568,1,1,945.2950190673668,4,4,4,4,3,4,3,5,4,3,3,2,21.040696085089365,17.120319116912466
1,64.64078949997149,1,2,3000.958751073095,3,3,5,3,5,5,5,4,5,5,5,5,15.915336464894848,3.324407484872916
1,10.97924421634978,1,2,1494.6154287378604,3,3,5,3,5,5,3,2,3,3,5,5,68.12114823789858,69.58571487770556
1,40.41438714717195,0,0,2367.8475126117173,5,4,4,5,5,5,4,4,4,5,5,5,28.12798211864223,27.030735381212153
1,72.25896367424619,1,2,1944.9948881913128,4,3,3,3,4,3,5,5,5,4,5,2,0.0,0.0
1,63.88371435245503,1,2,2656.7493639426343,5,4,3,5,4,5,4,5,5,5,5,5,58.703310554402606,58.774038246235335
1,48.09817825800931,1,1,2106.3636364857475,3,2,2,5,3,3,2,2,2,5,2,3,12.250429724078135,23.44519886365933
1,41.27275588916259,1,0,1604.3788579385707,4,3,5,4,5,5,2,3,2,2,3,5,32.92023832406437,18.222032031227574
1,52.00354015790825,1,1,599.7745669546053,3,3,4,4,3,5,5,5,5,5,5,3,0.0,0.0
0,43.00050283460953,1,0,846.2234553556905,1,1,5,5,5,4,4,5,2,5,3,5,3.9464179005096263,24.331524750858566
1,26.256647939163745,1,1,1694.148655097411,2,1,4,5,4,4,4,2,4,5,2,3,21.68687555732673,14.93619112599871
1,47.82586406150429,1,0,786.6946402964575,2,2,2,3,4,4,3,5,4,2,5,3,3.621707107277185,9.957193720476191
1,44.161258348592824,1,0,1351.9670881378424,4,3,5,3,5,4,1,3,4,1,3,4,9.553614589654256,0.0
1,38.30011409655695,1,1,352.25250232225994,3,2,4,2,4,2,1,3,1,1,2,4,0.0,0.0
0,38.14029862241689,1,1,668.899031928638,3,3,4,3,3,4,4,5,5,1,4,4,0.0,2.9554124169371168
1,41.55355234305929,1,2,2944.1156476465794,2,4,4,5,4,5,4,3,4,5,4,5,0.0,0.0
1,83.55401463709056,1,1,1538.5900469855667,4,3,2,4,3,1,4,5,3,5,3,3,0.0,12.177284833893054
1,62.82116365198828,1,1,1225.6140746064461,4,3,5,4,5,5,5,5,5,5,4,5,17.17867387007007,11.272312370705787
1,53.71691531873914,1,1,271.0649690508027,5,5,4,5,5,4,5,3,5,3,5,5,0.0,0.0
1,43.31236739966264,0,1,1582.313618647096,3,2,3,4,4,4,3,5,5,1,4,3,26.343174207252304,24.520603288627463
1,48.23935720980026,1,2,2240.386240681407,1,2,3,2,2,4,4,3,4,2,3,2,0.0,0.0
0,36.16108146087389,1,2,2015.26323889594,3,3,4,4,3,3,3,3,4,3,4,1,0.0,0.0
1,39.49868331643773,1,1,394.2767391425599,3,3,2,5,4,4,3,5,5,4,4,4,72.3541909494918,84.16015120820168
1,26.230937255044402,1,1,1901.8892885306618,3,3,4,3,2,3,5,4,3,1,5,3,0.0,0.0
1,7.0,1,1,547.5880273242371,0,0,3,4,3,3,3,2,2,3,3,3,0.0,0.0
1,51.858708708574525,1,1,1694.884343339965,4,3,5,5,5,5,3,4,3,3,3,4,0.0,0.10916756910645198
1,55.857926365954896,1,2,2053.1971232502838,1,1,5,5,5,5,4,4,5,5,5,4,17.19268924909705,0.0
1,49.61556091883942,1,2,67.0,3,2,4,4,3,3,4,3,5,5,5,3,26.87763696798862,50.07504511141885
1,58.44127973161467,1,1,1266.3975227640426,5,3,4,2,5,4,4,5,3,5,4,5,50.46871746198525,68.46026691973974
1,83.50661215407673,1,1,2848.437498630855,2,3,3,4,2,3,2,4,4,5,3,3,19.322425859485943,0.0
1,38.19257320077458,1,2,2609.279138982093,5,5,4,5,5,3,3,4,4,4,3,4,22.818572902876536,20.612295490896475
1,35.9784458729413,1,2,2927.3343351365543,4,5,1,5,3,4,4,4,5,2,4,3,76.76183200282313,80.20314340368239
1,55.020790412707896,1,1,2290.5291621026936,3,3,3,5,2,3,4,2,2,2,4,2,33.40134363780822,21.63364666451603
1,29.90712483020907,1,2,3209.3109582353704,2,2,4,3,4,3,5,5,4,4,3,4,35.955910647150546,20.48472380751994
1,35.43347298497933,1,1,67.0,2,1,4,4,4,5,5,4,3,4,4,3,49.246658780888836,19.724770122823326
1,33.741080291599,1,1,1590.5797019110807,4,4,2,4,3,3,4,5,4,5,5,2,44.30685764122548,22.01415575252591
1,78.7565976966209,0,1,2138.2732558903945,3,3,4,4,5,5,5,4,4,4,3,5,0.0,11.878769053104904
1,40.297600655132726,1,2,1031.6478730765512,4,3,5,3,5,5,5,4,4,4,4,5,0.0,0.0
