distance_from_home,distance_from_last_transaction,ratio_to_median_purchase_price,repeat_retailer,used_chip,used_pin_number,online_order,fraud
7.564004396810247,0.4089365339606861,0.521324339926554,1.0,0.0,0.0,1.0,0.0
1.2844432769926086,28.1839289376961,0.3000403304916652,0.0,1.0,1.0,0.0,0.0
90.44309791052169,1.5045845353277882,0.8004115588196893,1.0,0.0,0.0,0.0,0.0
5.985744666035289,1.1811020796583382,0.2862664384994238,1.0,0.0,0.0,1.0,0.0
3.881970106222,1.395650108452265,0.3963843624439847,1.0,0.0,0.0,1.0,0.0
22.94335978491427,2.180149793649888,0.1612447432774827,1.0,0.0,0.0,0.0,0.0
37.03897781536945,1.5352929739054524,0.8215104710929506,1.0,0.0,0.0,1.0,0.0
53.33124967342823,0.6054958148815278,1.2036515334467304,1.0,0.0,0.0,1.0,0.0
100.36504234669394,3.1045243976518515,1.0746528445422838,1.0,1.0,1.0,0.0,0.0
44.80682119056122,0.0524857529999507,1.8618219282342867,1.0,1.0,0.0,1.0,0.0
1.7135758090140056,0.6753777647701057,0.4705089921821158,0.0,0.0,0.0,1.0,0.0
9.633349662187255,1.227965281819155,0.7361721927499154,1.0,0.0,0.0,1.0,0.0
18.9725300867774,0.1593816267479849,0.4225649067329733,1.0,0.0,0.0,1.0,0.0
20.013254997181026,0.0587454120246067,1.9406380096753093,1.0,1.0,0.0,0.0,0.0
12.185222278983952,0.0764611381093049,0.5773927098122381,1.0,0.0,1.0,1.0,0.0
13.393445255902714,1.0286063867956787,0.2932047983808301,1.0,0.0,0.0,1.0,0.0
3.375880667722336,14.183947625519906,0.5113432441274807,1.0,0.0,0.0,1.0,0.0
7.257428600785428,4.5215929557478045,0.5274436911525214,1.0,0.0,0.0,1.0,0.0
4.570742588939605,47.80064638108937,1.4970419679729228,1.0,0.0,0.0,1.0,0.0
7.138349583549386,1.7750885266191447,3.516871683189314,1.0,0.0,0.0,0.0,0.0
1.6847857585322554,3.581494195771296,3.204529349222629,0.0,0.0,0.0,1.0,0.0
9.184176910077149,2.801220053068054,3.8102736768057057,1.0,0.0,0.0,0.0,0.0
14.81784328950998,0.0404630139973348,8.486534402848195,1.0,0.0,1.0,1.0,0.0
5.879581802515277,56.47966382622578,0.3938914006651566,1.0,0.0,0.0,0.0,0.0
10.342824564553968,0.4958817182892997,3.6310708089992536,1.0,1.0,0.0,0.0,0.0
18.19172422102131,1.2131642964179905,0.2179428056909605,1.0,1.0,0.0,0.0,0.0
2.6768314184321267,6.398246116872256,0.9556300643036092,1.0,0.0,0.0,1.0,0.0
2.089817516050404,26.95583055263632,2.265419080285194,1.0,0.0,0.0,0.0,0.0
31.475878815433926,6.897671689863802,1.71815486805398,1.0,0.0,0.0,1.0,0.0
24.130747192314075,0.271173007919617,0.2088118237806084,1.0,0.0,0.0,1.0,0.0
31.228153989852967,0.8099367469080132,0.8377601096958823,1.0,1.0,0.0,0.0,0.0
18.21092746329798,4.94445745637883,0.1423473561734004,1.0,0.0,0.0,1.0,0.0
4.1711219994847815,0.7640186822777116,3.670490358371203,1.0,1.0,0.0,1.0,0.0
4.958288535479794,5.759111236401626,0.1710498584607453,1.0,0.0,0.0,1.0,0.0
15.079497322770909,1.010616906109561,0.683753299725843,1.0,0.0,0.0,1.0,0.0
9.224024424096628,5.687480989179968,3.672004211747243,1.0,0.0,1.0,1.0,0.0
5.384862217004819,3.985343674918044,1.1735364273913826,1.0,1.0,0.0,1.0,0.0
20.00713754909488,0.7066651411364493,0.1760702719128111,1.0,0.0,0.0,0.0,0.0
11.068214741753176,0.0356382645769033,0.0428560393008569,1.0,0.0,0.0,0.0,0.0
753.6474902156115,1.7453877467515544,2.254972282612804,1.0,0.0,0.0,0.0,0.0
31.18837774928572,2.368087357126896,1.0172027482927646,1.0,1.0,0.0,1.0,0.0
124.00138154744349,0.8366181109241663,0.2886222116729976,1.0,1.0,0.0,1.0,0.0
37.84427091889222,6.6886140869785375,1.653245926240987,1.0,0.0,1.0,1.0,0.0
5.983866093012532,16.386903730780787,2.144317262985092,1.0,0.0,0.0,1.0,0.0
6.010086416874533,0.6376734399861897,1.369278582119415,1.0,0.0,0.0,0.0,0.0
3.744767653721024,0.6060452885323807,1.0026314696809404,1.0,0.0,0.0,1.0,0.0
2.214632068112961,0.1498156720725835,2.475447108018526,1.0,0.0,0.0,1.0,0.0
10.324039400932689,0.1801937391257307,2.022404091227941,1.0,1.0,0.0,1.0,0.0
7.355714148509173,1.182128380411572,1.6573384900455903,1.0,0.0,0.0,1.0,0.0
330.69519827266527,1.3194443302562249,0.1901899651381742,1.0,0.0,0.0,0.0,0.0
12.041876793188868,1.244354254018953,0.6450704511347055,1.0,0.0,1.0,0.0,0.0
103.22878040020106,9.66994699040959,2.336092669490124,1.0,1.0,0.0,1.0,0.0
1.874096729889818,4.325987857720123,1.7969572524264512,0.0,0.0,0.0,1.0,0.0
22.43314560914921,0.389541918637215,0.6762474439738083,1.0,0.0,0.0,0.0,0.0
2.795223378645922,15.799161348797252,0.5761774926750334,1.0,0.0,0.0,1.0,0.0
19.72972407554315,0.17984608850884,0.746582486466469,1.0,1.0,0.0,1.0,0.0
1.57822257523467,2.790443805842157,0.3402887413477836,0.0,0.0,0.0,0.0,0.0
17.121569913473415,0.2680092813743631,0.9671622915359744,1.0,1.0,0.0,0.0,0.0
11.498491638382315,1.6690075744577182,1.9861290902498103,1.0,0.0,0.0,0.0,0.0
2.419235064743719,0.6921064903084223,1.6261742119695943,1.0,0.0,0.0,0.0,0.0
12.031440802689358,0.9208772405011036,2.6213767551220872,1.0,0.0,0.0,0.0,0.0
2.819906713297786,2.1127352446514123,0.4890891203758714,1.0,1.0,0.0,0.0,0.0
1.7446817538617196,0.1396036568624288,3.36329242511123,0.0,0.0,0.0,0.0,0.0
5.635183211743732,1.883866702317472,0.9608024381530142,1.0,0.0,0.0,1.0,0.0
40.99372934278325,0.3858949688157344,0.1824190174412195,1.0,1.0,0.0,1.0,0.0
11.746266218586152,0.8137817964026617,1.2545312578691568,1.0,0.0,0.0,1.0,0.0
1.3195090900904247,0.2148402677745751,0.5581198464828063,0.0,0.0,0.0,1.0,0.0
20.40433042043552,1.7866105731187936,3.606107832056495,1.0,1.0,0.0,1.0,0.0
5.606009749258472,1.0986461075363685,2.1309676257421746,1.0,1.0,0.0,1.0,0.0
10.319210135702956,0.6213114248447286,0.4619449172290613,1.0,0.0,0.0,1.0,0.0
36.1937287055096,14.368511577963217,0.5371734254017209,1.0,0.0,0.0,1.0,0.0
3.3590740908739973,0.2964577941273275,0.7981366410622569,1.0,0.0,0.0,1.0,0.0
9.402036665289584,26.805031679315565,0.1956791852534438,1.0,0.0,1.0,0.0,0.0
58.92033303612054,0.0803393444186838,0.9759617206431797,1.0,0.0,0.0,0.0,0.0
3.019934453102516,0.4711031039706735,2.847366474295109,1.0,0.0,0.0,1.0,0.0
3.0252276793657824,0.6040187285978582,1.120852818805279,1.0,0.0,0.0,1.0,0.0
205.6048327344024,5.241837008259815,0.309125802160564,1.0,0.0,0.0,0.0,0.0
11.877639424494104,0.2590509319013976,0.1199717228741261,1.0,0.0,0.0,1.0,0.0
6.122194799921565,3.458618385930301,0.3773306043633786,1.0,0.0,0.0,1.0,0.0
31.939323247946987,4.082403012712026,0.3116699501671336,1.0,1.0,0.0,1.0,0.0
2.8296458404068345,1.869664654306069,0.5285069252708111,1.0,0.0,0.0,0.0,0.0
2.576932177254725,14.909717471033764,0.3603592959881037,1.0,0.0,0.0,1.0,0.0
19.81994877868966,1.3569281942741378,0.8645641860585258,1.0,0.0,0.0,1.0,0.0
36.142240072449205,6.458259649474149,0.3910983231299514,1.0,0.0,0.0,1.0,0.0
19.819029504974065,15.75210197592045,1.6017660245758942,1.0,0.0,0.0,1.0,0.0
0.1306260959706242,0.1344497875769209,2.918114029685466,0.0,1.0,0.0,0.0,0.0
10.48499146061084,0.053630273033967,2.3509630211901174,1.0,1.0,0.0,1.0,0.0
7.419298801582914,0.1075563848004801,0.8837453729763974,1.0,0.0,0.0,1.0,0.0
28.01878024302897,3.78904297621255,1.4385275141370868,1.0,1.0,0.0,0.0,0.0
25.740456119795592,0.4010970966173459,3.6484038421285447,1.0,0.0,0.0,1.0,0.0
58.74801757233718,0.2614870620553707,0.6556481182867199,1.0,0.0,0.0,0.0,0.0
1.5487694068833469,0.3863700739130483,3.245004660396768,0.0,1.0,0.0,1.0,0.0
38.86705789314936,3.7739270724540974,0.6963970524087237,1.0,0.0,0.0,1.0,0.0
42.01532886404813,0.898686877773321,0.7977134746932463,1.0,1.0,0.0,1.0,0.0
4.13725247284748,5.500829212453074,0.3002977979507777,1.0,0.0,0.0,0.0,0.0
8.033465365052741,0.0263143672484275,2.121460065093707,1.0,0.0,0.0,1.0,0.0
15.171491442393624,3.772586463659243,0.6689471259023715,1.0,0.0,0.0,0.0,0.0
14.914304037711284,2.707682774190673,0.8535912463979053,1.0,0.0,0.0,1.0,0.0
3.309127627060294,0.9013754753750838,2.23437951044504,1.0,1.0,0.0,0.0,0.0
9.599487386233616,3.842686039177804,1.2934673553632663,1.0,0.0,0.0,0.0,0.0
3.186106137987389,21.182397350129804,0.0783116817091633,1.0,1.0,0.0,1.0,0.0
62.11960206319469,2.9836188867072013,0.1289575624465125,1.0,0.0,0.0,0.0,0.0
58.23830994580159,0.2397477424944681,0.7220842023637926,1.0,0.0,0.0,1.0,0.0
30.90421274884223,0.4118359302892813,0.6912335577518274,1.0,1.0,0.0,0.0,0.0
2.084704640473727,3.5661196922168363,0.2408942677358797,1.0,0.0,0.0,0.0,0.0
1.5080018617854996,12.20983179488641,2.255646376040176,0.0,0.0,0.0,1.0,0.0
11.389669231773048,0.6997966748694263,2.3480905683111684,1.0,1.0,0.0,1.0,0.0
8.517014805736004,0.804946555862043,1.2765817514124431,1.0,0.0,0.0,1.0,0.0
3.019770679614464,0.4027640961243432,2.067834745184476,1.0,0.0,0.0,1.0,0.0
11.307384014650935,1.2802880131940704,0.7102175285067971,1.0,0.0,0.0,0.0,0.0
11.935091921001227,2.116161738000565,0.5813825099470389,1.0,0.0,0.0,0.0,0.0
10.253817598157514,19.737337681949,2.8695356563887824,1.0,1.0,0.0,0.0,0.0
3.522104554380315,23.461651091951065,2.459915506220051,1.0,0.0,0.0,1.0,0.0
2.1114709463488928,0.3384476807338247,0.95529777073472,1.0,0.0,0.0,1.0,0.0
5.417526996817394,2.9308625581744097,1.3611258831138742,1.0,0.0,0.0,0.0,0.0
2.490067712705118,6.068310283703637,0.4143434722071684,1.0,0.0,0.0,1.0,0.0
27.254598496895667,0.8679760628212304,0.2769084079021003,1.0,0.0,0.0,0.0,0.0
10.815323336395064,0.0398274919566407,0.1684524301213025,1.0,0.0,0.0,0.0,0.0
57.6759216280171,1.9750496767304808,0.3048573611508784,1.0,0.0,0.0,1.0,0.0
10.970645546791545,0.8100059459280025,1.6994055542920792,1.0,0.0,0.0,1.0,0.0
38.96874900558479,0.1412849107315027,2.4206524302794805,1.0,0.0,0.0,0.0,0.0
11.71633247070927,0.13088007119633,1.0841263780693482,1.0,0.0,0.0,1.0,0.0
6.42536123672761,0.7929808668090005,1.878230254177676,1.0,1.0,0.0,0.0,0.0
2.987854363177248,4.29024584507772,0.3845917264046651,1.0,1.0,0.0,1.0,0.0
6.468328188718359,0.8134067532744214,0.2892300368622881,1.0,0.0,0.0,0.0,0.0
1.657021842116996,1.1131640357042818,0.3306605836103987,0.0,0.0,0.0,0.0,0.0
39.73405741842517,2.9589042398698013,0.2089925386741837,1.0,0.0,0.0,1.0,0.0
12.946866829500784,3.2610722342350225,1.1180102541601362,1.0,0.0,0.0,0.0,0.0
9.85282592580788,0.1082519667406706,1.5344778168071074,1.0,1.0,1.0,1.0,0.0
67.41092722755685,5.9375161081848615,1.3001069799661302,1.0,1.0,0.0,1.0,0.0
30.37089919321288,4.874169882911017,0.3839849100881354,1.0,0.0,1.0,0.0,0.0
4.753645431037099,0.2283084746828238,1.9846778404782413,1.0,1.0,0.0,1.0,0.0
4.120407148065939,0.9813708959313556,0.4602347805275107,1.0,1.0,0.0,0.0,0.0
4.5897963381706335,0.1160233910803904,1.8783489029263247,1.0,0.0,0.0,1.0,0.0
10.528078610395031,1.755600909739624,2.294629900043898,1.0,0.0,0.0,1.0,0.0
42.42263455173738,0.1217719655222251,0.1058752042117503,1.0,1.0,0.0,0.0,0.0
28.242767321900764,20.23526568747489,0.4482760447092701,1.0,0.0,0.0,1.0,0.0
56.192521144269016,0.87073334440452,0.6187905721623226,1.0,1.0,0.0,1.0,0.0
3.249859811082762,5.63806331537534,1.5017223912457351,1.0,0.0,0.0,0.0,0.0
18.85246991380722,0.1253901180225735,0.4050709168401549,1.0,0.0,0.0,0.0,0.0
18.1047100461513,294.45660418401474,0.5730122418770685,1.0,1.0,0.0,1.0,0.0
93.80088611597044,0.318347426321473,2.00616084549765,1.0,1.0,0.0,1.0,0.0
1.7644107235518398,2.336227358435424,1.653193448171336,0.0,0.0,0.0,1.0,0.0
3.3034872267355,0.2914013751449472,0.6337855084864372,1.0,1.0,0.0,1.0,0.0
5.6823927592635926,1.16221124225221,2.2256634882960347,1.0,0.0,0.0,1.0,0.0
2.925086005242552,2.924785791848583,0.4356663933475367,1.0,0.0,0.0,1.0,0.0
54.9471538239867,0.2843656478801684,0.1421031994406965,1.0,1.0,0.0,1.0,0.0
21.1016290097976,7.185384940673373,3.0280151241002544,1.0,0.0,1.0,0.0,0.0
29.346170314576955,0.9128031018439304,1.461550960775349,1.0,1.0,0.0,1.0,0.0
63.994979439409576,0.318078103111522,6.235845201753188,1.0,1.0,0.0,0.0,0.0
10.513549495869771,10.840457069563575,3.062425191446261,1.0,1.0,0.0,0.0,0.0
2.603554237835882,1.5960402468405406,0.534517903799488,1.0,0.0,0.0,0.0,0.0
21.86687996292965,21.560997030433303,0.2368236589931743,1.0,0.0,0.0,0.0,0.0
4.134374096872842,7.582885250009273,1.046361680787617,1.0,0.0,0.0,1.0,0.0
74.07263744536513,7.178334756152105,0.251383619563666,1.0,1.0,0.0,1.0,0.0
11.494207442178526,0.179874489658217,0.5457501980615217,1.0,1.0,1.0,1.0,0.0
15.424911425749306,0.5217775204205612,1.5456234949188845,1.0,0.0,0.0,1.0,0.0
15.329404726010816,1.2334881375150666,0.4635897980991786,1.0,0.0,0.0,1.0,0.0
59.16120640972551,0.6736358267590046,0.6215230930693679,1.0,1.0,0.0,0.0,0.0
13.682855034842486,0.6603160030760457,2.947326343353082,1.0,0.0,0.0,1.0,0.0
27.52139574169439,8.12753803022639,0.6854274039251693,1.0,1.0,0.0,0.0,0.0
42.81049689430556,11.40067202551773,3.658130501674931,1.0,0.0,0.0,0.0,0.0
19.89632403678588,0.8646719463917653,1.7964224272674008,1.0,0.0,0.0,1.0,0.0
29.1461854038572,3.16561098588861,0.4373373088456656,1.0,1.0,0.0,0.0,0.0
274.5735830874599,1.744643622573364,0.6800815244479992,1.0,1.0,0.0,1.0,0.0
30.389817971614693,0.403165181608512,2.889669776547509,1.0,1.0,0.0,1.0,0.0
29.446121473663933,0.5204281832492801,0.3042515707300659,1.0,1.0,0.0,1.0,0.0
25.82513173899456,0.133723974409668,2.0911267223152845,1.0,1.0,0.0,1.0,0.0
32.558580155863844,0.0594966967472873,0.4911559854852359,1.0,0.0,0.0,1.0,0.0
46.77778086955239,2.522631761633178,0.072073746492215,1.0,1.0,0.0,1.0,0.0
14.739603460223938,0.1233060781789621,0.4591012006018959,1.0,0.0,0.0,1.0,0.0
4.340666995807451,47.05126583252044,1.9316124436925404,1.0,0.0,0.0,1.0,0.0
10.281079542181688,1.3717294208187016,2.373228173174612,1.0,1.0,0.0,1.0,0.0
20.12935129876707,0.6666929346760427,2.690762749394895,1.0,0.0,0.0,0.0,0.0
19.745226841418784,1.7344931254853675,1.0216177410481486,1.0,0.0,0.0,1.0,0.0
66.36145717275153,2.122197858957038,0.6697507136860742,1.0,0.0,0.0,1.0,0.0
6.42431395139731,0.1235191043863931,0.7566304614038789,1.0,1.0,0.0,1.0,0.0
14.369055699003068,5.9860501713067125,1.3756811009145942,1.0,0.0,0.0,1.0,0.0
4.733409977796338,1.571362668448895,0.1768260690216086,1.0,1.0,0.0,1.0,0.0
1.330850933133204,0.2334922941256195,3.371467965623824,0.0,0.0,0.0,1.0,0.0
4.148222155906753,1.8173563242412207,1.512546038470521,1.0,1.0,1.0,0.0,0.0
3.825179160050633,0.7730438984121119,1.654471182022839,1.0,0.0,0.0,1.0,0.0
7.6523871218404675,0.1310757494746508,1.5221040908623762,1.0,0.0,0.0,1.0,0.0
6.333773638408467,11.135075986923772,1.910400006756476,1.0,0.0,1.0,1.0,0.0
28.34419243623288,0.0402194783709527,0.5160871268214078,1.0,1.0,0.0,1.0,0.0
48.95875428930835,1.7951280325742822,0.312151914140848,1.0,0.0,0.0,0.0,0.0
20.36578997988144,13.007489552329938,0.1963362350211834,1.0,0.0,0.0,1.0,0.0
1.8915975628502912,0.4706003398982485,2.1657222667451226,0.0,1.0,0.0,1.0,0.0
7.627529655024025,0.0335058579945584,1.7173348175439005,1.0,1.0,0.0,1.0,0.0
4.490509054262433,0.724016328498148,3.07877703340695,1.0,1.0,0.0,1.0,0.0
2.143466187966,0.127803078415928,1.2601912159607098,1.0,0.0,0.0,1.0,0.0
1.2428930386923485,1.3113535273614274,0.2904439863567113,0.0,0.0,0.0,1.0,0.0
0.2631029208198077,8.609978867087762,1.4915931486005691,0.0,0.0,0.0,0.0,0.0
3.292335568958357,0.1293093417183071,0.7108145450193601,1.0,0.0,0.0,1.0,0.0
0.4877394937438878,0.2746260993755142,0.6069137594651516,0.0,0.0,0.0,0.0,0.0
13.598438249609218,0.1926977714871806,0.1241936354720195,1.0,0.0,0.0,0.0,0.0
0.8850934817169284,2.008064914048952,0.992889996648949,0.0,0.0,0.0,0.0,0.0
20.203643623876413,0.1638898969755166,0.4351487748651812,1.0,1.0,0.0,1.0,0.0
2.160020205813704,0.4165619503209529,0.114492541193874,1.0,0.0,1.0,0.0,0.0
47.468446716670336,1.1575006428801942,0.1764503005962578,1.0,1.0,0.0,1.0,0.0
7.471272270067177,0.2147238833796669,0.3070961355152243,1.0,0.0,0.0,0.0,0.0
0.4643965394975045,0.7907183913807008,0.1966906547622966,0.0,1.0,0.0,1.0,0.0
2.665106889065161,0.0997920796607752,1.833142473547,1.0,1.0,0.0,1.0,0.0
2.870342454265093,18.4074796119564,0.4567914903521408,1.0,0.0,0.0,1.0,0.0
1.7338231851594197,1.1198037191910997,3.061965672198308,0.0,0.0,0.0,1.0,0.0
35.22794939552622,0.1666212061523195,1.5990396764402497,1.0,0.0,0.0,0.0,0.0
155.48565710981617,0.1375787368043082,0.3154543588572485,1.0,1.0,0.0,0.0,0.0
20.4284939631272,0.6114537895428414,0.5339060709955498,1.0,1.0,0.0,1.0,0.0
10.115204350703584,2.448401548604821,5.889416980007594,1.0,1.0,0.0,0.0,0.0
0.9533046665781042,0.3971287163409088,0.0570736522753187,0.0,1.0,0.0,0.0,0.0
41.91335946282617,2.6109471204690697,0.1169310972439336,1.0,0.0,0.0,0.0,0.0
200.9114625245354,0.0578320729507525,0.2059504561798458,1.0,0.0,0.0,0.0,0.0
15.95628917085415,1.2112411524712403,2.8042923395475645,1.0,0.0,0.0,1.0,0.0
8.344200188791957,4.443295738134974,0.7393224198518524,1.0,1.0,0.0,1.0,0.0
0.7382230097460211,0.20052010831261,1.0875932737205345,0.0,1.0,0.0,1.0,0.0
0.5419592776277807,1.9294446707042776,1.555112132769513,0.0,0.0,0.0,0.0,0.0
9.971300158318078,2.0831851030620485,0.0511723171951914,1.0,1.0,0.0,1.0,0.0
0.1591612890931964,0.3602709824150562,0.4819273036141933,0.0,1.0,0.0,1.0,0.0
3.912807532542018,38.51823593012262,0.6312485931491989,1.0,0.0,1.0,1.0,0.0
0.301249694702835,0.6957118033990876,0.5179375411163456,0.0,0.0,0.0,0.0,0.0
18.209821094854576,0.9948663651688412,0.2716436080123056,1.0,0.0,1.0,1.0,0.0
1.5481982689107854,19.78389462176897,1.6537638040559053,0.0,0.0,0.0,0.0,0.0
17.081740049629218,45.54569705416473,0.1908941167523283,1.0,1.0,0.0,0.0,0.0
6.85252634337934,0.8401889013583018,0.4285163981735558,1.0,0.0,0.0,1.0,0.0
7.061479288195245,1.3999270027460626,1.835552445840588,1.0,0.0,0.0,0.0,0.0
26.195614887844467,0.408095380452971,0.6713432341133427,1.0,1.0,0.0,0.0,0.0
6.582544246714715,17.619250497304524,2.254942843071591,1.0,0.0,0.0,1.0,0.0
51.28658456619405,1.1365804263345989,21.610711175184832,1.0,1.0,0.0,0.0,0.0
0.9128837546062194,2.205849662280026,0.7537662561381268,0.0,1.0,0.0,0.0,0.0
4.030092782862469,1.3647195234187512,4.947180011061692,1.0,1.0,0.0,0.0,0.0
5.195811097325883,1.9988275969437088,1.785852971331466,1.0,0.0,0.0,1.0,0.0
2.4435410753729667,0.5926408876526327,0.5177951881562228,1.0,0.0,0.0,1.0,0.0
12.332341156395666,8.718096062855185,0.5594450584354616,1.0,1.0,0.0,1.0,0.0
13.805494860983416,1.3846387960077071,3.6188203904929335,1.0,1.0,0.0,0.0,0.0
4.668149492810624,1.356254584726706,0.534057040834293,1.0,0.0,0.0,0.0,0.0
1.271407603870406,0.1850923995936181,0.762978432432669,0.0,1.0,0.0,1.0,0.0
33.25720143159896,0.0743424649143068,0.3075246235320416,1.0,0.0,0.0,0.0,0.0
4.000404053166445,0.7687303736880532,0.0689661407034193,1.0,0.0,0.0,0.0,0.0
5.831894977646137,1.8597370593350453,1.8708913335756203,1.0,0.0,1.0,0.0,0.0
15.108490214308626,0.4136586387464323,1.022416296095256,1.0,0.0,0.0,0.0,0.0
8.161423862846627,3.0241341413303533,0.8608199431290797,1.0,0.0,1.0,1.0,0.0
4.515300398144341,0.0351489968548038,0.406703851359724,1.0,0.0,0.0,1.0,0.0
1.7352253824210249,0.9782785015024568,0.2293330389021631,0.0,0.0,0.0,0.0,0.0
2.1128036730239983,3.6298502179097984,0.2681807651804091,1.0,1.0,0.0,0.0,0.0
5.139062940021577,1.4502378733883,2.837698704288148,1.0,0.0,0.0,1.0,0.0
6.989005987041504,0.2622307905775685,1.864888336031806,1.0,0.0,0.0,1.0,0.0
12.928142904402224,0.3449919500059011,0.5427598042889188,1.0,0.0,0.0,1.0,0.0
4.197771579256324,1.417885180635705,1.352958565996628,1.0,1.0,0.0,1.0,0.0
4.053984455191048,12.083375250993107,16.769512732919864,1.0,0.0,1.0,1.0,0.0
25.23873607904917,19.23471703717184,0.959256701091001,1.0,0.0,0.0,1.0,0.0
9.25708987658896,0.3207651996411321,0.1446758806237151,1.0,1.0,0.0,1.0,0.0
37.12933647925241,1.9724135206241125,1.117243917867664,1.0,0.0,0.0,1.0,0.0
3.512033103109235,1.5040901861237672,1.01442448074677,1.0,1.0,0.0,1.0,0.0
3.593283265227208,2.122654837657671,3.00858537521987,1.0,1.0,0.0,1.0,0.0
31.715375494344336,0.0429084359524355,0.0403398331812997,1.0,1.0,1.0,1.0,0.0
1.0516032101429815,0.9041203994472042,1.9175544284805213,0.0,1.0,0.0,1.0,0.0
3.9693886865680392,0.1411117286303528,2.562510866932574,1.0,0.0,0.0,0.0,0.0
12.858554693848358,0.9084932066754612,3.4588204248788164,1.0,0.0,0.0,1.0,0.0
3.0696953802716505,0.515420566802439,1.986211160856036,1.0,1.0,0.0,1.0,0.0
2.800619493412553,0.7414665082809307,0.6084716370437587,1.0,0.0,0.0,0.0,0.0
0.7119259773140928,2.758667634642708,0.2068254962026445,0.0,1.0,1.0,0.0,0.0
15.88619264159156,5.707936826925179,0.5158678879314603,1.0,0.0,0.0,0.0,0.0
35.972618576787305,0.8024175546173689,0.7189659005279212,1.0,0.0,0.0,1.0,0.0
7.210356259853145,0.1309847881979174,0.8801095767705637,1.0,0.0,0.0,1.0,0.0
9.909316672883891,0.4550547213474294,1.1894991485457211,1.0,1.0,0.0,1.0,0.0
18.1732120191418,0.4449345465745659,0.7323474844183028,1.0,1.0,0.0,1.0,0.0
1.547403029954086,0.2470354996815466,3.2126717043978514,0.0,0.0,0.0,1.0,0.0
1.3976124254838085,1.206639187841291,0.1731050328526988,0.0,1.0,0.0,1.0,0.0
7.65069283216449,0.7112703657444659,2.2072734628203348,1.0,0.0,0.0,1.0,0.0
0.727415618827172,0.7351689880174518,0.5534852567621975,0.0,0.0,0.0,1.0,0.0
6.270571901665328,0.0100600490573937,0.788219508534304,1.0,1.0,1.0,1.0,0.0
5.493689314972278,0.6509877310797505,1.4601756176737808,1.0,0.0,0.0,1.0,0.0
10.111832112513724,3.92915568569258,1.132349281542624,1.0,0.0,0.0,0.0,0.0
27.06648039872335,0.0466961850244639,0.5356130784483686,1.0,0.0,0.0,1.0,0.0
99.9893612603755,0.7169675426171408,2.913098154920538,1.0,1.0,0.0,1.0,0.0
56.53152019091412,0.2623317277082301,1.4771960230947854,1.0,1.0,0.0,1.0,0.0
23.89629727460675,4.173178194722987,0.921521331271884,1.0,0.0,0.0,0.0,0.0
6.615758056495792,4.366761031428029,1.4656229613482412,1.0,1.0,0.0,0.0,0.0
2.154713346644615,0.808244672131085,1.8750898107271408,1.0,1.0,1.0,0.0,0.0
8.130348383736877,0.3759382391193312,0.4254150568541449,1.0,0.0,0.0,1.0,0.0
1.219180156146224,1.7094600487506415,2.893007599174648,0.0,1.0,0.0,1.0,0.0
9.062591205351591,0.0805289378192773,0.2803374139254102,1.0,1.0,0.0,0.0,0.0
12.268025772360058,0.2762300197207386,1.106378135223564,1.0,1.0,0.0,1.0,0.0
3.218908707886439,0.0201911435683576,1.9313393516836928,1.0,1.0,0.0,1.0,0.0
3.4884444130148053,2.7787061952449954,0.2422568252315465,1.0,0.0,0.0,0.0,0.0
28.174554291899064,0.2565480132515523,0.1768907854051211,1.0,0.0,0.0,1.0,0.0
4.219680514110946,0.1742473232931077,0.2541260985146262,1.0,0.0,0.0,1.0,0.0
0.7468203685839445,9.708372143221098,2.3144074527030685,0.0,0.0,0.0,1.0,0.0
8.975455589189574,0.5560908642827025,0.7904371815038799,1.0,0.0,0.0,0.0,0.0
1.0906719339662143,1.2083473876017976,0.955188371407329,0.0,0.0,0.0,1.0,0.0
64.22256876514957,0.9019319386474156,2.8336869418425685,1.0,0.0,0.0,1.0,0.0
15.217592229194656,0.2362756676102909,0.3638767493408005,1.0,1.0,0.0,1.0,0.0
17.435033676058083,2.488469622110752,0.8237685446448422,1.0,0.0,0.0,1.0,0.0
18.168195917227617,0.914829760991042,0.9679764778737772,1.0,1.0,0.0,1.0,0.0
13.882981622608904,6.387277693120082,3.760857985237101,1.0,0.0,0.0,1.0,0.0
19.455807059157497,0.1669621267042874,3.83233325859089,1.0,0.0,0.0,1.0,0.0
4.480674255770017,0.0895261477253943,0.5887433476480831,1.0,0.0,0.0,0.0,0.0
1.9668719632646776,1.6966136249491508,3.909820731962395,1.0,0.0,0.0,1.0,0.0
0.9197078054705732,0.8777053774626317,0.3667889342422653,0.0,0.0,0.0,1.0,0.0
2.392626252160573,2.1476392990333104,0.1526322481889588,1.0,0.0,0.0,0.0,0.0
9.524929788297037,0.0992404460918869,0.220734893416809,1.0,0.0,0.0,1.0,0.0
5.3058746671639225,0.8518588375327759,0.8340141512588293,1.0,0.0,0.0,0.0,0.0
11.311027174786226,3.759242752320832,1.8688442693609275,1.0,0.0,0.0,1.0,0.0
1.3359859061970476,2.25701362696836,1.3535420421379896,0.0,0.0,0.0,1.0,0.0
177.83379301437913,10.57567297414701,0.4390132564664697,1.0,1.0,0.0,0.0,0.0
205.8550984277257,0.5194903097776241,2.348169452801792,1.0,1.0,0.0,1.0,0.0
3.1815283312567963,12.010766205361003,1.9100139219355057,1.0,0.0,0.0,1.0,0.0
5.707154636991003,0.1925338851026465,1.4702907663270055,1.0,0.0,0.0,1.0,0.0
5.008471690390645,0.2307127181273231,0.3364192712329821,1.0,0.0,0.0,0.0,0.0
0.710039989284922,0.0646289018388035,1.3728325489255122,0.0,1.0,0.0,0.0,0.0
21.19319808435893,0.4754150507768758,0.5178517713063551,1.0,1.0,0.0,1.0,0.0
18.198102910609176,2.1641907175633053,6.334437789690002,1.0,0.0,0.0,0.0,0.0
5.871578502452974,16.51785407465005,1.023124947462671,1.0,0.0,0.0,0.0,0.0
82.39104572076484,2.248616158594192,0.1444148806132705,1.0,0.0,0.0,1.0,0.0
27.26301203087284,0.5103326936520771,1.9690534052895008,1.0,0.0,0.0,1.0,0.0
18.03167049375379,1.5710331154907533,0.1452577044596019,1.0,0.0,0.0,0.0,0.0
16.691741030295127,0.1247997997071329,3.0087105092547373,1.0,0.0,0.0,1.0,0.0
1.2736856873561002,4.663301358044116,0.268593358605306,0.0,0.0,0.0,0.0,0.0
23.728096454741976,2.3033344551657327,0.4109561884761645,1.0,1.0,0.0,0.0,0.0
3.183960126293277,37.81889386430291,0.7451782847126848,1.0,1.0,0.0,0.0,0.0
2.0897823551370003,0.5885908760319252,0.2149183954626281,1.0,0.0,0.0,1.0,0.0
18.11343840012479,1.3701104856087252,0.2566751545775837,1.0,0.0,0.0,0.0,0.0
0.5213590756514703,1.337214641661272,4.172085333918309,0.0,0.0,1.0,0.0,0.0
109.17945125563176,0.0575337413359236,0.4042517220051221,1.0,0.0,0.0,0.0,0.0
2.296068599596815,0.4126975370814911,0.2796398345263047,1.0,0.0,0.0,1.0,0.0
77.77293519973364,6.889577911590585,0.6579882613438991,1.0,0.0,0.0,1.0,0.0
6.0851138560999205,6.961521144753813,0.7057323765769317,1.0,0.0,0.0,0.0,0.0
18.375485277040884,0.2472588790307551,1.422656342660286,1.0,1.0,0.0,1.0,0.0
13.530153528536696,1.5467645671895651,1.4214876713677953,1.0,1.0,0.0,1.0,0.0
0.98801150392714,11.097037758361893,0.470863795938361,0.0,1.0,0.0,1.0,0.0
6.300407347913402,3.3681870533268987,0.2379544965906904,1.0,0.0,0.0,1.0,0.0
1.1260939073500276,0.1032289627990186,1.425165689928651,0.0,1.0,0.0,1.0,0.0
7.284032866174593,0.2684959280245361,0.2575717586949765,1.0,1.0,0.0,1.0,0.0
9.249176926785571,0.0238075475035044,2.7607898733649834,1.0,0.0,0.0,1.0,0.0
35.17315095355817,1.6102734215355363,2.76582177126403,1.0,0.0,1.0,0.0,0.0
24.796902189906653,0.0458591622751203,0.346127592090826,1.0,0.0,0.0,0.0,0.0
14.147376847358489,0.2195560843412703,0.5235119962652214,1.0,0.0,0.0,0.0,0.0
20.58069426925093,0.1506546386181932,2.9476264442299347,1.0,0.0,0.0,1.0,0.0
6.284214576796516,1.533572836060917,2.49605576492578,1.0,1.0,0.0,1.0,0.0
11.929787709881923,0.4378423746777559,3.897209742100285,1.0,0.0,0.0,0.0,0.0
4.789833046223327,5.089549303663856,2.077387787045573,1.0,1.0,0.0,1.0,0.0
8.382592232200869,0.0563113602429446,0.3558311732864634,1.0,0.0,0.0,0.0,0.0
4.889681369570588,2.0827559351121003,2.3304762138656807,1.0,1.0,0.0,1.0,0.0
2.7366048187859304,0.1920184776687427,1.110762902357484,1.0,0.0,0.0,1.0,0.0
1.3867545787175175,0.7810521271621995,2.7048969972081336,0.0,0.0,0.0,1.0,0.0
2.2253312731808546,0.2693619488938397,0.2580975507519164,1.0,1.0,0.0,1.0,0.0
37.456737375324366,0.1933556222787261,0.3710190367563802,1.0,0.0,0.0,0.0,0.0
4.7958770215732285,11.385384892064486,2.0782553519398266,1.0,0.0,0.0,1.0,0.0
18.52382584393449,0.1292088939142238,0.915435943819637,1.0,1.0,0.0,0.0,0.0
1.856453728670605,3.258464160411495,0.5374617172251221,0.0,0.0,0.0,1.0,0.0
16.014781908688946,0.0368490853114495,0.1495003784950379,1.0,0.0,0.0,0.0,0.0
14.767140519655705,0.3971875825983961,0.7498221229057338,1.0,0.0,0.0,1.0,0.0
12.746240556917328,1.4215952613652656,0.1020302492166394,1.0,0.0,0.0,1.0,0.0
10.412623660167002,0.2844851967964441,1.245800183887263,1.0,0.0,0.0,0.0,0.0
18.13683705718829,0.083713580611428,4.432380147946626,1.0,1.0,0.0,0.0,0.0
7.151553487413727,0.678680277856432,0.3504199735904131,1.0,0.0,0.0,0.0,0.0
1.060196873150656,0.0226147092172741,0.1792904959185829,0.0,0.0,0.0,1.0,0.0
2.9406414014451903,47.05049584779985,1.9240430512696505,1.0,0.0,0.0,0.0,0.0
1.2034610330939357,1.285433492631854,3.607888409077442,0.0,0.0,0.0,1.0,0.0
5.772953129837067,4.042620121356275,0.3853563107266585,1.0,0.0,0.0,1.0,0.0
1.2149793021711022,2.5436556352035926,1.0116045264164422,0.0,1.0,0.0,1.0,0.0
32.32770973293139,0.0683590644205045,0.4475499777897304,1.0,0.0,0.0,1.0,0.0
22.70840466259464,0.297811324921774,0.3592006259391103,1.0,0.0,0.0,0.0,0.0
33.4424486284506,0.1710169481320867,0.2711871034892322,1.0,1.0,0.0,1.0,0.0
2.507691968303427,0.2210864913903524,4.723203194584765,1.0,1.0,0.0,0.0,0.0
4.931401848073999,0.3759255569766741,0.7318051538398869,1.0,0.0,0.0,1.0,0.0
3.057894024518688,0.0381506394676177,0.0789398695374797,1.0,0.0,0.0,1.0,0.0
11.230489935997008,4.659450092510002,0.2123701202903,1.0,0.0,0.0,0.0,0.0
14.837075772189808,6.121296491594843,0.3351101901252604,1.0,1.0,0.0,1.0,0.0
15.988913122569013,0.1646287084574938,15.366692575292753,1.0,0.0,1.0,1.0,0.0
1.4394374657025115,0.0457127864814955,0.1878915269792141,0.0,1.0,0.0,0.0,0.0
1.0939636910627577,1.0879412597707774,0.210050613390887,0.0,0.0,0.0,0.0,0.0
7.155790117974012,6.181389157786103,10.278119318505098,1.0,0.0,0.0,0.0,0.0
15.664668295322924,0.9320512018932604,3.955464983274907,1.0,1.0,0.0,1.0,0.0
5.150735369691604,1.4176532209728276,0.3828400993438576,1.0,0.0,0.0,0.0,0.0
10.138780379873308,1.223941420198022,3.895051632709571,1.0,0.0,0.0,1.0,0.0
7.0662660533531065,4.781798646211123,2.1714405378124435,1.0,0.0,0.0,1.0,0.0
19.20502059141647,2.062003420046864,2.8005435920400137,1.0,0.0,0.0,1.0,0.0
8.3773466139054,0.0239526700413835,1.5562105180345087,1.0,0.0,0.0,0.0,0.0
4.749876986802436,0.0339712782945317,1.1254526819704858,1.0,0.0,0.0,0.0,0.0
1.6317633406137015,0.9833354423361532,0.3545579085817267,0.0,1.0,0.0,1.0,0.0
2.6158748464217725,1.883764016478353,0.3559782114166787,1.0,1.0,0.0,1.0,0.0
42.1194199263261,3.831765632027356,5.151786410224759,1.0,0.0,0.0,0.0,0.0
88.66382759385398,0.8090314484441179,0.1674876198156118,1.0,1.0,0.0,1.0,0.0
0.4917741003339798,3.298896405487257,0.9924316770289456,0.0,0.0,0.0,1.0,0.0
0.8383917439208026,0.9231663541579944,1.5338286457857704,0.0,1.0,0.0,0.0,0.0
6.888097030948627,3.230582039382999,3.6074319909023895,1.0,0.0,0.0,1.0,0.0
4.891895554336874,0.1555108215418349,2.754128146122915,1.0,0.0,0.0,0.0,0.0
63.1163809362081,1.2713281000661285,1.200451948661749,1.0,1.0,1.0,1.0,0.0
15.261632705998638,0.1643048926283254,2.4940556677402927,1.0,0.0,0.0,1.0,0.0
7.650601952535236,3.743968673177912,0.7839984675284016,1.0,0.0,0.0,1.0,0.0
7.999661775579251,1.5993767037387945,1.600113827976585,1.0,0.0,0.0,0.0,0.0
124.33971640509738,0.0953793891475315,3.141871933957713,1.0,1.0,0.0,1.0,0.0
15.076408508174596,6.333919986054434,0.2434597303225433,1.0,1.0,0.0,1.0,0.0
19.1393604007247,0.5258883571257885,1.7897365865340782,1.0,1.0,1.0,0.0,0.0
2.476637212325368,28.500060417341643,0.7079667160891749,1.0,0.0,0.0,1.0,0.0
14.109018135627204,1.0420738501424058,0.6910808663970505,1.0,0.0,0.0,1.0,0.0
15.834788717594586,14.076941689123103,0.2804399817214315,1.0,0.0,0.0,1.0,0.0
58.33575901690342,2.2506672137247588,0.5403460249385996,1.0,0.0,0.0,1.0,0.0
0.3039591571714641,0.1963124106572206,1.852490158247183,0.0,1.0,1.0,1.0,0.0
4.538375892655486,0.3724929481424036,1.9007862339050023,1.0,0.0,0.0,1.0,0.0
44.057038838805845,0.8451587633293016,0.2232709200225677,1.0,1.0,0.0,0.0,0.0
0.6740051766166862,0.1398226767691361,3.840906466552181,0.0,1.0,0.0,0.0,0.0
43.33607197242066,0.044082419896903,0.347725135708712,1.0,0.0,0.0,0.0,0.0
87.98981569340701,0.0244441709396192,0.4863941763674975,1.0,0.0,0.0,1.0,0.0
31.94296715457258,0.3923542950279563,1.1586082513562377,1.0,1.0,0.0,0.0,0.0
0.4973250134311274,0.0601474524299531,0.3390792268629732,0.0,0.0,0.0,0.0,0.0
5.256934205442711,0.0206590888828579,0.9244311379493142,1.0,0.0,0.0,1.0,0.0
0.9258163870473844,2.286849698220037,3.564884182860128,0.0,0.0,0.0,1.0,0.0
56.19379564765436,1.4583795921984446,0.1673902623860823,1.0,1.0,0.0,1.0,0.0
8.91894613631881,8.3218900008146,0.4317586623522528,1.0,0.0,0.0,1.0,0.0
3.653032557612428,19.03710998545083,0.8015889983813751,1.0,0.0,0.0,1.0,0.0
4.9845858811672885,2.848600622861095,0.2803665192955582,1.0,0.0,0.0,1.0,0.0
55.392018262487326,13.464053828003278,1.7719811872376954,1.0,0.0,0.0,1.0,0.0
1.3614052130673624,0.0224855753899448,3.1530624704274017,0.0,1.0,0.0,0.0,0.0
21.18016075864612,0.1746964945182205,0.8805311674938939,1.0,0.0,0.0,0.0,0.0
24.650550005764806,1.1337482408071222,0.1671941576921778,1.0,0.0,0.0,0.0,0.0
20.077233415271674,2.1442910166774825,1.12313201227816,1.0,0.0,1.0,1.0,0.0
19.35857495043296,0.6007442426897975,0.3846240705758023,1.0,0.0,0.0,0.0,0.0
6.788854073918023,1.193017672356054,0.8267469202946655,1.0,1.0,0.0,1.0,0.0
1.8833781074301856,0.1930083882920212,0.71162024599082,0.0,0.0,0.0,1.0,0.0
16.22242459135856,10.751885198051962,0.4155746316654939,1.0,0.0,0.0,0.0,0.0
5.629565626194661,0.0532814239257991,0.5153778208139127,1.0,1.0,0.0,1.0,0.0
9.268359498112224,19.031077072304363,1.229264537800787,1.0,0.0,1.0,0.0,0.0
19.33742237219347,1.606695153707247,1.2843816292771486,1.0,0.0,0.0,1.0,0.0
4.269085788757519,1.9122981541409487,2.8272710056180546,1.0,0.0,1.0,1.0,0.0
8.28961643388895,0.3852011482051938,0.1423353759373928,1.0,0.0,0.0,1.0,0.0
2.780997151678664,0.5138779546248888,1.839610428376872,1.0,0.0,0.0,1.0,0.0
20.033211882923737,1.6974447312238377,1.024465247032147,1.0,0.0,0.0,0.0,0.0
0.4240495738432485,0.1602971727266316,0.9549956014297304,0.0,1.0,0.0,0.0,0.0
9.804440856663597,0.2989467141080316,0.3364697045462974,1.0,0.0,1.0,0.0,0.0
11.079990455731073,3.0463307044225574,0.930268340557784,1.0,0.0,0.0,1.0,0.0
7.957982478197679,4.148355133544999,1.3932536610894015,1.0,0.0,1.0,1.0,0.0
14.369662365926388,1.155523621479149,1.5438513451773983,1.0,1.0,0.0,0.0,0.0
10.224055938335848,0.8501548960462766,2.128987507026374,1.0,0.0,0.0,1.0,0.0
18.61295190645118,3.490699744370895,3.870114407292258,1.0,0.0,0.0,0.0,0.0
6.1045585122928365,0.1396079814716797,1.684756623814724,1.0,0.0,1.0,1.0,0.0
21.530407349562008,0.2200138504934743,0.9691623693988765,1.0,1.0,0.0,0.0,0.0
0.8669856403720247,0.0580096670738138,1.772632096707674,0.0,1.0,0.0,0.0,0.0
3.81506462052523,1.2202500929033833,0.4300499218520569,1.0,0.0,0.0,0.0,0.0
9.401159242926306,0.5125037337932119,0.2704147414086022,1.0,1.0,0.0,1.0,0.0
2.381742784175516,0.8551531090100272,0.2794039414601443,1.0,0.0,0.0,1.0,0.0
7.321709016633802,3.437201447866292,0.0901842977532692,1.0,0.0,0.0,1.0,0.0
5.515086633678836,3.507410130430176,1.1487172865924156,1.0,1.0,0.0,1.0,0.0
147.3843010650768,6.093477168068954,0.5163171580360941,1.0,1.0,0.0,0.0,0.0
15.345191613587197,52.43551956534056,1.4518921617801008,1.0,1.0,0.0,1.0,0.0
38.11175392636414,2.956501560503446,2.146719697253821,1.0,0.0,1.0,0.0,0.0
20.32978649854009,0.9157450795278844,0.26461140586894,1.0,0.0,0.0,1.0,0.0
12.262069641375286,2.6358516652608275,1.0232362568130229,1.0,0.0,0.0,1.0,0.0
76.312764898801,140.7636352416851,0.2739861179300175,1.0,0.0,0.0,0.0,0.0
2.5899539141304824,7.527474066098985,0.3734460922140973,1.0,1.0,0.0,1.0,0.0
69.06238721270273,2.475716277167708,0.3534375574115849,1.0,1.0,0.0,1.0,0.0
28.75375874748889,0.303641590914152,0.2461388708384654,1.0,1.0,0.0,1.0,0.0
45.04680777612746,5.502491950491409,0.7331746502319919,1.0,0.0,0.0,0.0,0.0
10.515274157555895,0.7865461798560301,1.5356757757826216,1.0,0.0,0.0,1.0,0.0
3.4230683637383508,2.1130426761401035,0.1519099251723343,1.0,0.0,0.0,1.0,0.0
2.0006174450347247,0.4848467563872946,0.5572059240670892,1.0,0.0,0.0,1.0,0.0
3.199906609611103,3.140249071910457,0.3780878795256291,1.0,1.0,0.0,1.0,0.0
63.11132256677036,0.833661420823615,0.6888818866827054,1.0,1.0,0.0,0.0,0.0
13.55784064830869,0.5399896997516141,0.1423786549730384,1.0,1.0,0.0,1.0,0.0
5.014788842987314,0.0306341944417839,0.5013556934982294,1.0,0.0,0.0,1.0,0.0
30.708810952443027,0.3036029313095033,1.235884701559725,1.0,1.0,0.0,1.0,0.0
12.87070425891655,0.8033481540659102,0.7698662030539196,1.0,0.0,0.0,1.0,0.0
1.4067436144203291,5.76917081037044,2.245049677079956,0.0,0.0,0.0,0.0,0.0
0.3590527948229493,0.2883238012380804,0.6423243247101117,0.0,0.0,0.0,1.0,0.0
20.45627348226763,2.308333433698824,0.6555075799508373,1.0,1.0,0.0,1.0,0.0
32.45794700907919,1.491441954806234,4.600464114934757,1.0,1.0,1.0,0.0,0.0
4.507349038719707,0.4695751614736922,1.9761381527697448,1.0,0.0,0.0,0.0,0.0
21.04739473958072,0.2729776105888722,0.0733030166712448,1.0,0.0,0.0,1.0,0.0
19.86633762002016,4.457124785111223,0.5882214529084133,1.0,1.0,0.0,1.0,0.0
4.272573622789015,0.0690241942571171,1.0780560218893864,1.0,0.0,0.0,1.0,0.0
31.916204114547025,0.3672157264178632,0.2095907305695982,1.0,1.0,0.0,1.0,0.0
36.91355172656161,0.4875505653982694,0.6990063267983203,1.0,0.0,0.0,1.0,0.0
32.05344404392941,0.2472287860545374,0.9006436432029442,1.0,0.0,0.0,1.0,0.0
62.0590376610421,7.146711425242128,0.6938472816174428,1.0,0.0,0.0,1.0,0.0
2.774805313133314,0.9927016587475008,0.6489000939530716,1.0,1.0,0.0,0.0,0.0
33.63039321787299,0.1115466688251156,0.4093440141589909,1.0,1.0,0.0,0.0,0.0
5.685584473248344,0.3295236592344928,1.0956991586525389,1.0,0.0,0.0,0.0,0.0
3.323169303155672,0.2935308205320428,3.981263701774523,1.0,1.0,0.0,1.0,0.0
3.5232056464889734,0.322334958206604,3.164267287790079,1.0,0.0,0.0,1.0,0.0
1.504962966060643,3.893909082527132,1.5474517982479672,0.0,1.0,0.0,1.0,0.0
14.928999423203084,1.5945501697335107,0.5278177676499016,1.0,0.0,0.0,1.0,0.0
5.996633232809859,0.5752462064193891,0.2034496485420452,1.0,0.0,1.0,0.0,0.0
11.93152967655388,0.1214051951500028,3.1689411601769866,1.0,1.0,0.0,1.0,0.0
5.285154104205983,2.8622136501655384,0.243390852674402,1.0,0.0,0.0,1.0,0.0
7.013317974990514,5.237305892341222,1.657558368604158,1.0,0.0,0.0,1.0,0.0
47.120128453051215,1.4006890339384366,2.323778515037891,1.0,0.0,0.0,1.0,0.0
4.102613753939869,1.4290292392845774,1.7107769822383432,1.0,0.0,1.0,0.0,0.0
20.87561792551426,0.4902347221230551,1.7806365147963323,1.0,1.0,1.0,1.0,0.0
185.20348850452783,1.3118716587373953,0.7944056437440891,1.0,1.0,1.0,1.0,0.0
26.84186080378536,0.6147264166135611,3.6786064799798175,1.0,0.0,0.0,1.0,0.0
120.51164652542208,0.7127824961030148,1.477289138221961,1.0,1.0,0.0,0.0,0.0
46.18402715079216,0.223950062994176,0.4417978057112866,1.0,1.0,0.0,1.0,0.0
52.20902308610031,3.4219170896100004,1.2756709961081656,1.0,0.0,0.0,1.0,0.0
26.782800084385336,0.3449691296269179,0.2108590547244056,1.0,0.0,0.0,0.0,0.0
21.06466943339083,1.1520826057556433,0.5612420685494186,1.0,0.0,0.0,1.0,0.0
3.7393396380425057,8.450251914052338,0.1903008395618951,1.0,0.0,0.0,0.0,0.0
14.437203416726154,1.2779542452841772,0.2674468507440316,1.0,0.0,0.0,1.0,0.0
2.653779062822996,1.7614094040477373,0.396024504880715,1.0,0.0,0.0,1.0,0.0
9.226399403371287,1.916559401376693,0.1344041798617594,1.0,1.0,0.0,1.0,0.0
157.9191774713273,0.0621340563457758,1.2526217398859332,1.0,0.0,0.0,1.0,1.0
32.30502196151421,0.2205173748150717,15.07838326620413,1.0,1.0,0.0,1.0,1.0
8.293729133909387,0.03338119950892,4.719472393270471,1.0,0.0,0.0,1.0,1.0
468.1699018047605,0.8067962160505637,0.6239247725864489,1.0,0.0,0.0,1.0,1.0
14.106155063806767,229.6076060759616,10.031675327703786,1.0,0.0,1.0,1.0,1.0
10.678941422377806,7.031309551234878,4.201098729009152,1.0,1.0,0.0,1.0,1.0
17.46351793006933,0.8609812024230776,13.70038512330657,1.0,0.0,0.0,1.0,1.0
11.540514664055536,32.44794610620149,22.415413208957744,1.0,0.0,0.0,1.0,1.0
8.946750421732823,0.2545157320665562,6.8392270269488975,1.0,0.0,0.0,1.0,1.0
1.2618886988531233,1.6593397059320776,5.757710161846656,0.0,0.0,0.0,1.0,1.0
4.080593100956945,0.0847612944103348,6.752439407529411,1.0,0.0,0.0,1.0,1.0
0.6341826128962937,2.005669232406826,4.525486832171194,0.0,0.0,0.0,1.0,1.0
17.60360765084663,54.3568378862174,0.5637705107637728,1.0,0.0,0.0,1.0,1.0
1.6583802339120564,100.20020209278869,0.5416632187270866,0.0,0.0,0.0,1.0,1.0
0.8814267495439257,2.38817234476542,5.5570523756123285,0.0,1.0,0.0,1.0,1.0
48.11132149479137,0.0328794832096161,5.700405583123831,1.0,1.0,0.0,1.0,1.0
77.52278296571849,9.701155142738283,5.980866537253011,1.0,1.0,0.0,1.0,1.0
314.18219782340736,28.22195523000861,1.223006964881598,1.0,0.0,0.0,1.0,1.0
353.47949845113254,0.4714186066372977,3.370748168872206,1.0,0.0,0.0,1.0,1.0
10.05420489758774,0.8868989764084998,4.638145579916743,1.0,0.0,0.0,1.0,1.0
16.694437152658498,5.324647692339782,4.276302426476073,1.0,0.0,0.0,1.0,1.0
2.7728416236770514,1.2124444540736403,6.0709744217518775,1.0,0.0,0.0,1.0,1.0
117.05360710803996,2.2372045803770377,2.156418135350004,1.0,0.0,0.0,1.0,1.0
12.513598535639185,0.2110249508754685,4.026353924354702,1.0,0.0,0.0,1.0,1.0
4.280332061707626,0.4493298400563376,4.318435889370343,1.0,1.0,0.0,1.0,1.0
4.297825057393298,0.2216111754759459,10.196405332885773,1.0,1.0,0.0,1.0,1.0
12.920616309819277,2.200714803915495,5.752893106198718,1.0,0.0,0.0,1.0,1.0
6.2821646858090965,62.33535478473728,0.2293873534452104,1.0,0.0,0.0,1.0,1.0
251.43908348486687,6.363294833101138,0.7270021797968252,1.0,0.0,0.0,1.0,1.0
178.09888290820547,4.32827150122634,3.134977744378903,1.0,0.0,0.0,1.0,1.0
13.64718346070854,1.31580193494345,5.899002007695229,1.0,1.0,0.0,1.0,1.0
5.697224133742699,12.929715914444069,6.349159393857083,1.0,1.0,0.0,1.0,1.0
1.6001765852414205,1.172928864692051,4.8345316499745845,0.0,0.0,0.0,1.0,1.0
6.266907480057474,1.252584774798701,5.730175528210271,1.0,1.0,0.0,1.0,1.0
4.546525019332701,0.1845205472953437,27.13809489133008,1.0,0.0,0.0,1.0,1.0
168.11021378568844,5.120424550593272,1.9948444018830287,1.0,0.0,0.0,1.0,1.0
7.84255678708324,51.3493498315348,1.0008011270205135,1.0,0.0,0.0,1.0,1.0
5.120715581614126,74.19921625405038,0.7587310155993953,1.0,0.0,0.0,1.0,1.0
7.019818513676335,1.3449079330426257,4.524802983901285,1.0,1.0,0.0,1.0,1.0
8.42394262312227,4.033583929055231,5.299603114208892,1.0,0.0,0.0,1.0,1.0
56.47038342434599,254.50199064803527,0.6421173831864166,1.0,0.0,0.0,1.0,1.0
1.5849909737457422,4.596700236319212,4.153756180856621,0.0,1.0,0.0,1.0,1.0
18.80663674187653,4.960319948751142,4.119913113464297,1.0,0.0,0.0,1.0,1.0
2.633501937342801,2.389959571464451,4.551215082522804,1.0,0.0,0.0,1.0,1.0
4.953184860945598,19.996719843233866,6.056223719582447,1.0,0.0,0.0,1.0,1.0
1.396670497625232,0.9630539848198578,6.856514792135066,0.0,0.0,0.0,0.0,1.0
5.322943200613746,5.359618533137383,15.42605396311068,1.0,1.0,0.0,1.0,1.0
22.210639964283448,0.8312921443829142,5.256464423987597,1.0,0.0,0.0,1.0,1.0
27.159052550853595,103.0184619909559,5.408518361905734,1.0,1.0,0.0,0.0,1.0
31.61205991565867,1.2018308103377862,6.648787843889197,1.0,0.0,0.0,1.0,1.0
9.77753066724536,0.2490796817988246,18.657853656145647,1.0,0.0,0.0,1.0,1.0
42.995138089083824,0.6877727079689355,4.482503112403816,1.0,1.0,0.0,1.0,1.0
2.995515004802749,352.81219554002485,18.336814812262755,1.0,0.0,0.0,0.0,1.0
3.4860561319043875,0.4490513387543779,4.347511636395702,1.0,1.0,0.0,1.0,1.0
2.083000416707641,0.6734091549382679,6.193969416996215,1.0,0.0,0.0,1.0,1.0
226.34802100679923,23.6862266652622,4.900299245354223,1.0,0.0,0.0,1.0,1.0
58.67515010858777,1.0573592946894117,4.736946556679722,1.0,1.0,0.0,1.0,1.0
145.55871210102583,0.157671056533422,2.2306895034699488,1.0,0.0,0.0,1.0,1.0
0.4053021979334444,0.6555143024113833,7.549014616509464,0.0,0.0,0.0,1.0,1.0
6.67334757830977,0.8044887817788403,5.273746122074744,1.0,1.0,0.0,1.0,1.0
24.26530574811577,0.8571334964500428,5.074410385679252,1.0,0.0,0.0,1.0,1.0
19.52204965015593,1.911014186878603,4.438087473142326,1.0,1.0,0.0,1.0,1.0
101.27608209090198,18.24701125282533,2.423504848309723,1.0,0.0,0.0,1.0,1.0
19.7288489018416,1.1041367302942076,4.715696450565028,1.0,0.0,0.0,1.0,1.0
578.1816395668253,4.1599824348680965,0.1217809601183537,1.0,0.0,0.0,1.0,1.0
44.92238533791102,4.486595627978523,5.035881019766669,1.0,0.0,0.0,1.0,1.0
20.86791670233211,0.224834811838922,6.837439616315514,1.0,1.0,0.0,1.0,1.0
1.314328039926107,1.4737476956330786,4.868191929174842,0.0,0.0,0.0,0.0,1.0
36.482935905379065,0.216583973099113,17.130369225723637,1.0,0.0,0.0,1.0,1.0
21.4746365156339,0.1234414679485489,5.163296244211371,1.0,1.0,0.0,1.0,1.0
1.260090431807814,11.335516227331858,5.775995552421523,0.0,0.0,0.0,1.0,1.0
3.025298843686876,13.388807003703308,4.732900757522871,1.0,0.0,0.0,1.0,1.0
169.9505065220743,0.3799424905752211,0.7833907739905746,1.0,0.0,0.0,1.0,1.0
4.772964250479748,3.969897898869842,4.614121860148356,1.0,1.0,0.0,1.0,1.0
504.0672285036812,0.0901717983359577,2.55157320790704,1.0,0.0,0.0,1.0,1.0
11.358755816722308,2.1885435647536537,5.988451928222816,1.0,0.0,0.0,1.0,1.0
16.55098265649541,0.5277394738782236,5.535047826859654,1.0,0.0,0.0,1.0,1.0
17.94393547370196,80.76715633292034,0.4088699439226578,1.0,0.0,0.0,1.0,1.0
108.10571837336036,0.4849009829805756,0.2073873375942141,1.0,0.0,0.0,1.0,1.0
11.7250639395295,152.21887116893615,1.1480774876097388,1.0,0.0,0.0,1.0,1.0
5.8879183354626194,0.142866956096238,4.9654101371611885,1.0,0.0,0.0,1.0,1.0
7.40725999982069,0.3460053485110386,6.010633885924495,1.0,0.0,0.0,1.0,1.0
3.008427303060116,0.8737659311542539,5.6935368072083445,1.0,0.0,0.0,1.0,1.0
143.27642506423126,1.1233168561247298,5.095417737713851,1.0,1.0,0.0,1.0,1.0
16.687742871879543,63.64704868819929,0.9066669115073812,1.0,0.0,0.0,1.0,1.0
39.80861244948828,4.698553006176199,5.735879442954824,1.0,0.0,0.0,1.0,1.0
24.297584564057523,50.69321136112568,0.6057381684486958,1.0,0.0,0.0,1.0,1.0
121.45933761704906,0.4086705157870784,6.280625080758994,1.0,0.0,0.0,1.0,1.0
108.38283878538638,2.543746115603008,0.8041166578604482,1.0,0.0,0.0,1.0,1.0
8.672559652760278,2.397156777702355,9.87650631398603,1.0,1.0,0.0,1.0,1.0
174.27801896796814,3.82247464528662,0.2096152809089642,1.0,0.0,0.0,1.0,1.0
2.9428368244428795,0.6895584707120973,4.072983671136923,1.0,0.0,0.0,1.0,1.0
156.0712229354397,1.3598704533424373,0.7004104055267903,1.0,0.0,0.0,1.0,1.0
32.88861158552545,0.7301792718826826,4.278840035874225,1.0,1.0,0.0,1.0,1.0
112.50487423092726,0.3446333900059583,5.785921105961461,1.0,0.0,0.0,0.0,1.0
214.12205606534965,1.1934159848645376,0.9906999669982728,1.0,0.0,0.0,1.0,1.0
13.101199718711529,22.880025445117848,4.796789888825606,1.0,1.0,0.0,1.0,1.0
130.88357403267594,1.7749199396121178,0.3551321777500359,1.0,0.0,0.0,1.0,1.0
20.06792050649433,0.5435366847713498,5.194973868120901,1.0,0.0,0.0,1.0,1.0
4.626903586860312,0.042004244600269,6.332538683919686,1.0,0.0,0.0,1.0,1.0
242.9733831800065,1.728899399419456,3.505506410850077,1.0,0.0,0.0,1.0,1.0
215.46370362505755,0.09909839529326,2.208898742373886,1.0,0.0,0.0,1.0,1.0
2.600285471537789,1.5465926355908373,10.902960479555476,1.0,0.0,0.0,1.0,1.0
171.15634888483743,36.00403735210501,4.675011007873353,1.0,1.0,0.0,0.0,1.0
3.2263992148799976,0.9050429657850096,7.880646002427439,1.0,1.0,0.0,1.0,1.0
16.24778866178088,0.4371815075304882,5.500317494805292,1.0,0.0,0.0,1.0,1.0
12.464046044711928,0.9932752419527864,8.923778251814845,1.0,0.0,0.0,1.0,1.0
2.951136430420327,14.79147962111148,21.269684721881685,1.0,0.0,0.0,1.0,1.0
6.111369599315021,1.8543240555231413,4.127341838772315,1.0,1.0,0.0,1.0,1.0
21.08007740678282,0.0598252153843301,6.525996609017549,1.0,1.0,0.0,1.0,1.0
11.830445287175303,0.0224885059184136,7.983230566133966,1.0,0.0,0.0,1.0,1.0
6.532685760678948,0.7239522649270888,4.247692528575495,1.0,0.0,0.0,1.0,1.0
127.63341972613706,8.231482737828491,0.6560912314645644,1.0,0.0,0.0,1.0,1.0
11.365399106373244,0.2886426896074888,4.167490104338344,1.0,1.0,0.0,1.0,1.0
157.47238558412636,21.34436966573417,0.9116390370102908,1.0,0.0,0.0,1.0,1.0
41.82815359555926,0.2879741510940001,16.030484316257223,1.0,0.0,0.0,1.0,1.0
1.9579680373945616,0.1580132179795904,11.378203354224118,1.0,1.0,0.0,1.0,1.0
203.5332693857941,8.63599782690252,1.3974365483598237,1.0,0.0,0.0,1.0,1.0
83.87279778684697,380.7680192186697,0.5087151208830213,1.0,0.0,0.0,1.0,1.0
2.3735569212346395,5.095079639180842,8.769528747249973,1.0,0.0,0.0,1.0,1.0
2.431653182210276,88.54068170074899,0.3642460599426038,1.0,0.0,0.0,1.0,1.0
42.156303062834894,13.005664381974205,4.899760610250865,1.0,0.0,0.0,1.0,1.0
1.3052630355995574,14.093985933225618,4.67786954628831,0.0,0.0,0.0,1.0,1.0
7.243791281145595,0.0694258323120959,11.060615576566931,1.0,0.0,0.0,1.0,1.0
0.9753522040834705,0.1211774861588832,5.740519356565758,0.0,0.0,0.0,0.0,1.0
62.00430392820584,0.0924530225854358,13.311359364140488,1.0,0.0,0.0,1.0,1.0
455.7589147051545,0.5150726548452605,0.5256601921612409,1.0,0.0,0.0,1.0,1.0
3.591412731755726,50.354873340707016,0.2551296481463356,1.0,0.0,0.0,1.0,1.0
262.6683067309423,1.6408682063889322,1.370043514985139,1.0,0.0,0.0,1.0,1.0
10.156733819980335,59.08232480753893,1.448808123713927,1.0,0.0,0.0,1.0,1.0
6.331408728156651,0.4333106924737793,6.636133147127588,1.0,1.0,0.0,1.0,1.0
4.320143393483796,9.445966163632315,4.652052430976412,1.0,1.0,0.0,1.0,1.0
78.81792056799958,87.51498695179203,0.6191108746120163,1.0,0.0,0.0,1.0,1.0
180.1543916034665,1.10011329316114,0.9558814149457024,1.0,0.0,0.0,1.0,1.0
12.691600175998897,0.4689020784656226,6.302305387958239,1.0,1.0,0.0,1.0,1.0
0.4429771113823351,1.5222420598027786,9.557243237140543,0.0,0.0,0.0,1.0,1.0
3.7059022696531727,70.80262550184833,4.7852693838329525,1.0,0.0,0.0,0.0,1.0
11.4229753604552,3.551208586600492,4.708594766289171,1.0,0.0,0.0,1.0,1.0
117.76236641301732,14.149784548694493,2.654607479320672,1.0,0.0,0.0,1.0,1.0
20.8139579873572,51.20475429929455,4.446761978695537,1.0,1.0,0.0,1.0,1.0
7.257764702184194,76.85785040815509,1.6334291073658582,1.0,0.0,0.0,1.0,1.0
29.00165816064335,5.938039344259958,8.608217779712836,1.0,0.0,0.0,1.0,1.0
5.298336033758969,0.1685184917519163,12.18609677937154,1.0,0.0,0.0,1.0,1.0
22.89207581836963,0.2547093678865988,4.402661347948464,1.0,0.0,0.0,1.0,1.0
127.93056578944255,0.9459470227691804,7.476813777944457,1.0,0.0,0.0,1.0,1.0
358.92212820992154,0.3053831673473091,2.555695913626974,1.0,0.0,0.0,1.0,1.0
196.7122512539252,0.1712307742561254,0.747815486456392,1.0,0.0,0.0,1.0,1.0
5.480539901382764,21.622373489054244,4.516817871617465,1.0,0.0,0.0,1.0,1.0
2.0450393816291763,0.6791036111550074,15.831936987728378,1.0,1.0,0.0,1.0,1.0
11.132066807749526,0.6379797049330325,5.734896005677951,1.0,0.0,0.0,1.0,1.0
9.656728441032588,0.2576092699017039,4.9538999563853725,1.0,0.0,0.0,1.0,1.0
2.353864951652062,82.84328468469802,0.7426008415636195,1.0,0.0,0.0,1.0,1.0
138.94177636948157,2.880697702350556,5.556601342466986,1.0,1.0,0.0,0.0,1.0
7.85675640729869,0.9983247310176206,10.864536007463416,1.0,1.0,0.0,1.0,1.0
2.278579145102884,3.2176295683594867,4.977994726931841,1.0,0.0,0.0,1.0,1.0
137.0764233605694,0.141181021304296,0.2091418293812319,1.0,0.0,0.0,1.0,1.0
177.9435264606849,0.4706797718156273,5.543843580357837,1.0,1.0,0.0,1.0,1.0
131.98141257399544,1.437876090378333,1.963071488913459,1.0,0.0,0.0,1.0,1.0
1.3451370035423054,2.521197017121608,4.65870742200631,0.0,0.0,0.0,1.0,1.0
338.1553458579955,1.429896899066924,0.8067455396822609,1.0,0.0,0.0,1.0,1.0
115.59965154850272,25.11343942594173,0.5477596728902252,1.0,0.0,0.0,1.0,1.0
35.7922408454434,0.981842916946988,5.952496802504195,1.0,0.0,0.0,1.0,1.0
7.417541529921249,3.880184730368531,6.103381345852911,1.0,0.0,0.0,1.0,1.0
47.08593270298518,2.472162802074203,6.952109315591678,1.0,0.0,0.0,1.0,1.0
1.1302270092871822,7.555867384236398,6.497434409666544,0.0,0.0,0.0,0.0,1.0
12.801744058318985,20.702771880451376,6.800514278557297,1.0,1.0,0.0,1.0,1.0
1.8811391226934688,4.045813939172702,13.605007435292915,0.0,1.0,0.0,1.0,1.0
1.4764491710842065,0.9441160258310922,5.0716545148455126,0.0,0.0,0.0,1.0,1.0
2.7776637291014032,1.0249961788990385,6.641163615726896,1.0,0.0,0.0,1.0,1.0
283.46100546889824,5.011062180260503,0.6578401122533498,1.0,0.0,0.0,1.0,1.0
4.52231029934882,5.204440279531519,18.84107533483041,1.0,1.0,0.0,1.0,1.0
12.89057588571413,33.35573656721941,35.7877636112263,1.0,0.0,0.0,1.0,1.0
130.32171295887946,0.8967692039979495,0.9117429679375824,1.0,0.0,0.0,1.0,1.0
1.7671389968570124,5.848956362454942,5.308097661669865,0.0,0.0,0.0,1.0,1.0
2.830454385183952,31.129617983868744,4.97790712611888,1.0,0.0,0.0,1.0,1.0
5.079249899969036,5.304752890052547,6.053503453243144,1.0,0.0,0.0,1.0,1.0
3.247854387847082,0.7163431193802687,5.861893706324824,1.0,1.0,0.0,1.0,1.0
2.7754913224209887,0.174305967177404,7.98124628911616,1.0,0.0,0.0,1.0,1.0
0.6281899639621946,0.1837676991689526,5.182374256711032,0.0,0.0,0.0,0.0,1.0
5.05973575062091,31.761770914419305,5.000297857928066,1.0,1.0,0.0,1.0,1.0
0.42011268911029,4.413861361285102,13.123754042513657,0.0,0.0,0.0,1.0,1.0
224.30023405802828,4.060546236203978,3.9326264960941,1.0,0.0,0.0,1.0,1.0
33.16153752589425,0.0469792498295435,5.8216385723296105,1.0,0.0,0.0,1.0,1.0
1.6389157067047486,8.941572950456568,4.275965126442595,0.0,0.0,0.0,1.0,1.0
141.58765893009587,0.6806531177531955,8.35205183468025,1.0,1.0,0.0,1.0,1.0
258.20201780600274,0.0861311462418189,0.3070046219670974,1.0,0.0,0.0,1.0,1.0
28.67361599799179,5.371707121300488,12.363705593578636,1.0,0.0,0.0,1.0,1.0
0.7321525073383256,203.13098805794323,1.1104193625348966,0.0,0.0,0.0,1.0,1.0
201.42394134061087,0.059959729157485,0.6572380239639667,1.0,0.0,0.0,1.0,1.0
50.58712474705812,0.6334172592720814,4.680094694529746,1.0,0.0,0.0,1.0,1.0
0.3138641434597873,0.8036613402406655,4.225475639385429,0.0,0.0,0.0,1.0,1.0
9.81119840105518,2.818778606347096,4.7499111181426485,1.0,0.0,0.0,1.0,1.0
2.304748789299371,3.688637200128632,7.079204669093681,1.0,0.0,0.0,1.0,1.0
12.210491050198309,0.4453425157194042,8.775794587889648,1.0,1.0,0.0,1.0,1.0
11.415660236509645,10.453223310587235,11.47612715243064,1.0,0.0,0.0,1.0,1.0
30.499899643451904,1.0419451894524516,14.445016893160004,1.0,0.0,0.0,1.0,1.0
256.26758587919187,9.141654271425042,1.0952880824482911,1.0,0.0,0.0,1.0,1.0
2.1078761652708726,8.844109371048717,4.2138879504071,1.0,0.0,0.0,1.0,1.0
132.3807301222154,25.865460580607667,0.951169853314916,1.0,0.0,0.0,1.0,1.0
1.6290116154967444,1.6970424579396806,10.332832391251886,0.0,0.0,0.0,1.0,1.0
266.2397477587919,0.4736847809709081,8.739613790497762,1.0,0.0,0.0,1.0,1.0
3.080823435916565,52.24207896261811,0.3455694307760983,1.0,0.0,0.0,1.0,1.0
2.1064034040343063,1.3066085473236106,4.785445892030758,1.0,1.0,0.0,1.0,1.0
83.62423838447705,56.53877415627881,0.4851580798680293,1.0,0.0,0.0,1.0,1.0
3.7094902124407927,6.510535220334343,5.325343632016367,1.0,0.0,0.0,1.0,1.0
172.3149033868267,1.3761800734096523,1.5281780817840311,1.0,0.0,0.0,1.0,1.0
5.822045145348973,0.1522993123821403,8.249497269243813,1.0,1.0,0.0,1.0,1.0
54.13558253277287,0.0639428625654793,4.827544946626662,1.0,1.0,0.0,1.0,1.0
33.782184986649845,0.2232489106211456,5.325545079929738,1.0,0.0,0.0,1.0,1.0
1.3228045838451366,1.2124417286962823,4.910201393186722,0.0,0.0,0.0,1.0,1.0
5.158152170724732,3.3887704941846857,6.041577107673,1.0,0.0,0.0,1.0,1.0
234.37140001907707,0.6202513461236389,2.483865903913734,1.0,0.0,0.0,1.0,1.0
177.5547105949559,3.426454884853104,0.142908227042381,1.0,0.0,0.0,1.0,1.0
65.55270900207852,4.17733792399404,5.619204969048082,1.0,0.0,0.0,1.0,1.0
38.84076675142049,0.7268043917838369,4.801136202263143,1.0,0.0,0.0,1.0,1.0
4.037623802522826,4.38778918092951,9.087433051042924,1.0,0.0,0.0,1.0,1.0
2.056454125858552,0.4977660498916179,5.547292031139701,1.0,1.0,0.0,1.0,1.0
0.9066291226596654,88.84812250713838,1.0101976487647315,0.0,0.0,0.0,1.0,1.0
20.047108090547027,2.053032088392993,5.792522484402188,1.0,1.0,0.0,1.0,1.0
38.25521519288748,0.3159900044776392,4.002109365631335,1.0,1.0,0.0,1.0,1.0
2.4623299636815967,1.4680261624536397,5.111835137958034,1.0,1.0,0.0,1.0,1.0
222.42091484241865,0.7195979115693468,2.125487252314292,1.0,0.0,0.0,1.0,1.0
149.38712360839747,0.4831997490953054,4.5292625882808615,1.0,0.0,0.0,1.0,1.0
15.034507447124666,51.29674151127996,3.4336424425129044,1.0,0.0,0.0,1.0,1.0
106.1271656272315,0.030113430244092,5.53944414029507,1.0,0.0,0.0,1.0,1.0
1633.1230998053272,0.1109673550229271,5.968654293219863,1.0,0.0,1.0,1.0,1.0
119.7051365958541,3.0064716173645185,0.8828092898254939,1.0,0.0,0.0,1.0,1.0
356.0676815582946,27.783871785281285,0.5233264083402098,1.0,0.0,0.0,1.0,1.0
24.23137172840535,0.8653960728903429,4.7380246278155065,1.0,0.0,0.0,1.0,1.0
2.4747959691055947,3.9177299304480258,10.022635225920698,1.0,0.0,0.0,1.0,1.0
30.09297245957936,0.5822672378447734,5.2492992308845965,1.0,1.0,0.0,1.0,1.0
116.53842795084957,2.948681983588466,8.611640698061706,1.0,0.0,0.0,1.0,1.0
12.012826838212124,1.6915341556105876,6.743781167387467,1.0,0.0,0.0,1.0,1.0
14.835805459235155,1.7703703445787604,5.582088836169807,1.0,1.0,0.0,1.0,1.0
7.975871899237174,56.97100221961031,3.639420923604357,1.0,0.0,0.0,1.0,1.0
1.5684810809898877,3.308014722347197,4.303865410784981,0.0,0.0,0.0,0.0,1.0
25.655138697349287,37.31973311041188,15.391387526769458,1.0,0.0,0.0,1.0,1.0
761.1793257399331,2.325132374642209,1.211046349433909,1.0,0.0,0.0,1.0,1.0
138.7111594424615,0.0642805859299777,0.923328110656625,1.0,0.0,0.0,1.0,1.0
11.435847152587364,0.42443151990416,5.792928796669548,1.0,1.0,0.0,1.0,1.0
2.251158876783285,63.52743593608004,1.3360705002494342,1.0,0.0,0.0,1.0,1.0
10.584493476783786,9.850305540049352,6.026953263293255,1.0,0.0,0.0,1.0,1.0
29.377848601489053,1.3082221396673694,8.809074566009185,1.0,0.0,0.0,1.0,1.0
0.8254664509013,3.140987407934533,5.3995027387544186,0.0,0.0,0.0,1.0,1.0
28.457648925474626,108.59573829724594,0.3725738197679589,1.0,0.0,0.0,1.0,1.0
68.97597967598583,0.1502553731301221,7.289548384947499,1.0,1.0,0.0,1.0,1.0
110.92681880712357,0.0642333080769642,0.5124610205952824,1.0,0.0,0.0,1.0,1.0
15.332445425136935,0.3569665373010517,4.886780018743121,1.0,1.0,0.0,1.0,1.0
116.05751107133172,0.6425008158956732,6.32301667010078,1.0,0.0,0.0,1.0,1.0
8.131936155917536,0.7572905822203942,5.985134691332281,1.0,0.0,0.0,1.0,1.0
10.182921948073544,10.785568898680705,4.832680231787768,1.0,0.0,0.0,1.0,1.0
7.221001804279826,82.72326563016357,1.057868438086085,1.0,0.0,0.0,1.0,1.0
0.7208660001494208,0.2123002637800426,5.635305986784757,0.0,0.0,0.0,1.0,1.0
6.9474766834855775,0.2604360236116674,9.071697220220772,1.0,1.0,0.0,1.0,1.0
108.70008067276092,0.1263613564550567,0.6824394867055846,1.0,0.0,0.0,1.0,1.0
12.50058556122855,1.7807826464893854,6.430934444670008,1.0,0.0,0.0,1.0,1.0
182.9623614250392,0.1206427317579603,7.058504915662801,1.0,0.0,0.0,0.0,1.0
50.22860436361466,0.1429779596840748,4.136308498996258,1.0,1.0,0.0,1.0,1.0
5.052462819054793,1.294685882517095,4.449615060221933,1.0,0.0,0.0,1.0,1.0
9.96719533298305,7.112173261483228,4.331929207905219,1.0,1.0,0.0,1.0,1.0
202.0347689565088,0.0477972698487023,2.064179870949044,1.0,0.0,0.0,1.0,1.0
209.55338045514912,6.274997914982129,5.586964182335692,1.0,1.0,0.0,0.0,1.0
17.599735426586165,0.5684227163407303,4.27555238399836,1.0,1.0,0.0,1.0,1.0
3.2968235606836283,5.809304974821038,4.863039247107614,1.0,1.0,0.0,1.0,1.0
36.48682585924424,2.4546153221852536,8.486686570586025,1.0,0.0,0.0,1.0,1.0
6.434967324308639,0.503587761298622,6.9874547040021575,1.0,0.0,0.0,1.0,1.0
231.88281719409773,3.3525697617058547,0.9513716552610968,1.0,0.0,0.0,1.0,1.0
5.619261070549549,0.1639586581707345,5.96776204606583,1.0,0.0,0.0,1.0,1.0
0.8893545690190681,0.3280724740688329,6.3751197075317165,0.0,0.0,0.0,1.0,1.0
28.64809423762483,0.1293541360792742,4.192926101512208,1.0,0.0,0.0,1.0,1.0
78.69413941522004,1.1608635220970007,7.36691636012159,1.0,0.0,0.0,1.0,1.0
16.568124584948862,1.246090901084141,5.473986788364282,1.0,0.0,0.0,1.0,1.0
198.33544518556425,0.0550261610503467,1.5148286068589971,1.0,0.0,0.0,1.0,1.0
1.9920327340995605,0.1582068880277807,7.739742961623823,1.0,1.0,0.0,1.0,1.0
327.9894547001191,2.3755889211485908,2.3105094506853896,1.0,0.0,0.0,1.0,1.0
6.351129791278616,0.0168580611416605,4.727364228687187,1.0,0.0,0.0,1.0,1.0
136.26770783639537,1.5305834478152078,0.4238161222753249,1.0,0.0,0.0,1.0,1.0
1164.4057699266225,1.2795699644684957,1.3145523641328178,1.0,0.0,0.0,1.0,1.0
0.311756443019147,78.82206260420617,0.9781713838382444,0.0,0.0,0.0,1.0,1.0
8.976127988614522,0.490337219714886,4.706607311838334,1.0,1.0,0.0,1.0,1.0
18.948813621651684,2.5326666523483587,7.0378332157838015,1.0,0.0,0.0,1.0,1.0
348.0825112602566,3.5378862199769405,0.5254784045972956,1.0,0.0,0.0,1.0,1.0
150.82517008848288,4.178156670749928,1.502559022296107,1.0,0.0,0.0,1.0,1.0
6.420004762205615,0.1542110641077645,5.216411874207256,1.0,0.0,0.0,1.0,1.0
51.04442522212737,1.235406859777939,5.764380199425566,1.0,1.0,0.0,1.0,1.0
138.265886443543,0.9658061311863012,0.5347804589668305,1.0,0.0,0.0,1.0,1.0
21.802668354359326,247.63613683290288,0.5907713739801252,1.0,0.0,0.0,1.0,1.0
8.415073880438012,0.9828669381173972,5.913472232710783,1.0,1.0,0.0,1.0,1.0
0.4649532529600393,0.1352179466481245,6.178647921616124,0.0,0.0,0.0,1.0,1.0
0.2725532414525534,0.5306120375955748,5.0479189718189446,0.0,0.0,0.0,0.0,1.0
21.234897375129528,0.2016165232081713,4.106327864856282,1.0,1.0,0.0,1.0,1.0
24.85084834190528,0.2174652888525134,4.23166558379795,1.0,0.0,0.0,1.0,1.0
7.017405255008919,0.4360441164499935,9.052292963865382,1.0,0.0,0.0,1.0,1.0
0.6188215562080864,2.182382507622517,8.194496470073181,0.0,0.0,0.0,0.0,1.0
130.7209260493925,0.017910093216564,0.5932542786852877,1.0,0.0,0.0,1.0,1.0
7.824132911734383,3.0011089505754995,4.284210078885459,1.0,0.0,0.0,1.0,1.0
29.602269996263946,0.3798441259701842,11.300972711178977,1.0,1.0,0.0,1.0,1.0
145.31534626253597,0.0604707985494785,0.7102111127742629,1.0,0.0,0.0,1.0,1.0
44.23566023505454,0.902147448277124,5.477912576349459,1.0,0.0,0.0,1.0,1.0
4.078984265586002,7.562707313114148,4.353180944370815,1.0,0.0,0.0,1.0,1.0
2.9195609059707426,0.1933696805448712,8.731010971620515,1.0,1.0,0.0,1.0,1.0
21.899227742585868,0.7128199201656036,4.481535828805414,1.0,0.0,0.0,1.0,1.0
43.65853915404881,0.8881548867516539,4.351089033454766,1.0,1.0,0.0,1.0,1.0
135.73603044309553,0.2386196746868682,1.7744286702119731,1.0,0.0,0.0,1.0,1.0
120.93803609788354,12.386341229236107,0.6505795876198881,1.0,0.0,0.0,1.0,1.0
9.366257460711992,1.9602854141391368,4.72925886759958,1.0,0.0,0.0,1.0,1.0
38.08839709116958,0.0316605022211502,4.132172875651995,1.0,0.0,0.0,1.0,1.0
33.74015510618864,5.389162530227584,5.148089165590323,1.0,0.0,0.0,1.0,1.0
42.764679574421606,2.6699485146409976,4.750791174119747,1.0,0.0,0.0,1.0,1.0
8.826374903819815,0.1352222402817957,5.672901172341165,1.0,0.0,0.0,1.0,1.0
4.965245015496208,0.1587767861474297,4.325985414001826,1.0,0.0,0.0,1.0,1.0
59.6265691816792,0.339459947592192,5.2223558511333765,1.0,0.0,0.0,1.0,1.0
114.8269260041703,0.3399414191134627,0.1354506205594345,1.0,0.0,0.0,1.0,1.0
127.12148263125556,0.0620807620654863,9.40303250294138,1.0,0.0,0.0,1.0,1.0
1.1381093564633769,0.0878368695592168,12.728536100608364,0.0,0.0,0.0,1.0,1.0
48.51377370856537,76.59668765420959,1.853565742310893,1.0,0.0,0.0,1.0,1.0
1.833556836412336,24.736333835067523,9.000100696907522,0.0,0.0,0.0,0.0,1.0
11.227848666263077,6.072290867623711,5.7614852392982,1.0,0.0,0.0,1.0,1.0
74.12918474545005,1.41642207053646,6.740222571291916,1.0,0.0,0.0,1.0,1.0
451.3505068545208,12.553031988188591,0.2521835954530554,1.0,0.0,0.0,1.0,1.0
34.81178971172432,10.699928073567415,4.947585077042191,1.0,1.0,0.0,1.0,1.0
2.731819797253517,41.631177187422495,15.667546852052372,1.0,0.0,0.0,1.0,1.0
17.11360864860345,0.081386047815799,4.673160795472584,1.0,0.0,0.0,1.0,1.0
299.7485544666208,2.689196404388668,0.4315917889006118,1.0,0.0,0.0,1.0,1.0
44.21830392158819,0.0286711814738173,4.056883753274247,1.0,1.0,0.0,1.0,1.0
132.21289552784677,8.33936917095155,1.391892040907744,1.0,0.0,0.0,1.0,1.0
0.2991637724000752,3.407556289512793,4.951248565672823,0.0,1.0,0.0,1.0,1.0
15.671416927579829,0.0299701112081344,9.843859590639072,1.0,1.0,0.0,1.0,1.0
23.79262696635717,0.1336505571107712,6.875940152671584,1.0,0.0,0.0,1.0,1.0
8.517099672275274,1.505596666498786,4.497583735287067,1.0,1.0,0.0,1.0,1.0
19.279289996280625,0.1937697068438286,4.788989908189264,1.0,1.0,0.0,1.0,1.0
10.028089364191976,0.0452927371166895,5.783204807048042,1.0,0.0,0.0,1.0,1.0
117.63889896857974,2.1625583946249245,1.0296795362179334,1.0,0.0,0.0,1.0,1.0
4.161763216035313,2.41394701041122,5.433706112751285,1.0,1.0,0.0,1.0,1.0
5.581603048949927,0.1105640378224775,11.51423102283458,1.0,1.0,0.0,1.0,1.0
7.185218567472141,20.33259455408861,5.960033288104666,1.0,0.0,0.0,1.0,1.0
4.098565036577783,0.3204213324973133,22.894731275833585,1.0,0.0,0.0,1.0,1.0
113.70695801416478,0.4476992352611947,2.0356160984169662,1.0,0.0,0.0,1.0,1.0
11.74672485986742,0.094439487942355,4.259325593548119,1.0,0.0,0.0,1.0,1.0
14.45614864023876,8.130900723333625,9.309625403978329,1.0,1.0,0.0,1.0,1.0
18.55084722437956,0.8083727161157367,5.59967376854559,1.0,1.0,0.0,1.0,1.0
1.8677128340687776,0.4826254924914746,12.297157991344456,0.0,0.0,0.0,1.0,1.0
2.7298559460060483,0.5493178746098654,6.581060444010308,1.0,0.0,0.0,1.0,1.0
7.931609949333954,0.2741677583915393,5.034419124397746,1.0,0.0,0.0,1.0,1.0
1.3487483296557106,1.4636800810170103,4.815990739774766,0.0,1.0,0.0,1.0,1.0
3.364172825200821,447.7820060720075,0.3889935192996763,1.0,0.0,0.0,1.0,1.0
146.01334184576555,0.3148981050533875,0.2262446437400603,1.0,0.0,0.0,1.0,1.0
3.006284769896788,9.243009676518398,6.874493728793522,1.0,0.0,0.0,1.0,1.0
33.503071739372544,0.9442143580104212,4.880595387594825,1.0,0.0,0.0,1.0,1.0
236.96413515395128,12.377547827086987,1.0410611670176904,1.0,0.0,0.0,1.0,1.0
8.888495883036535,5.460943840066252,4.141750238337318,1.0,1.0,0.0,1.0,1.0
18.439371796938623,0.2407109038869776,5.281663680974131,1.0,0.0,0.0,1.0,1.0
10.338148663963285,2.6791552749012286,26.560649168282588,1.0,0.0,0.0,1.0,1.0
145.06480996571665,4.829717040970626,0.4027658896512909,1.0,0.0,0.0,1.0,1.0
9.08891550011641,0.132523772680491,5.488305018746484,1.0,0.0,0.0,1.0,1.0
5.565583165450578,2.2103026962444257,6.302766980422002,1.0,0.0,0.0,1.0,1.0
3.115838136502273,0.3780313267427258,6.089672914778812,1.0,0.0,0.0,1.0,1.0
82.69692018735924,0.1293880830175241,4.400350511780247,1.0,1.0,0.0,1.0,1.0
610.9990607523856,0.3059016351990551,4.770471517423247,1.0,0.0,0.0,0.0,1.0
21.03400468090013,77.03378351530272,0.3946221185562366,1.0,0.0,0.0,1.0,1.0
10.161947955386657,11.547856161593762,9.260997842652223,1.0,0.0,0.0,1.0,1.0
38.548789942861575,0.1116077561306711,13.336530465011847,1.0,0.0,0.0,1.0,1.0
13.47447516911669,0.4440761003871418,9.972151033428236,1.0,0.0,0.0,1.0,1.0
4.305316029077438,1.2470512098150162,17.5773032644057,1.0,1.0,0.0,1.0,1.0
108.85277076889162,1.894524866929048,2.6255929857000044,1.0,0.0,0.0,1.0,1.0
96.87901546290004,0.5388766436280996,8.327683272730773,1.0,0.0,0.0,1.0,1.0
35.47047331187647,20.21421451278261,11.760127808697414,1.0,0.0,0.0,1.0,1.0
183.0370460478832,5.51059582447478,0.4029061889503038,1.0,0.0,0.0,1.0,1.0
150.8780523071359,1.1847008070513727,1.4860080274872285,1.0,0.0,0.0,1.0,1.0
7.168119433564944,0.0262612480982125,6.787584982296923,1.0,0.0,0.0,1.0,1.0
122.2661331356596,0.5168519496101998,0.913532049105402,1.0,0.0,0.0,1.0,1.0
104.3916301685189,0.1597725844354489,1.3539935660992142,1.0,0.0,0.0,1.0,1.0
125.81176313408938,0.1099063950624558,7.470197070421205,1.0,1.0,0.0,1.0,1.0
20.019836690306168,4.7469468110464845,5.84189996393204,1.0,0.0,0.0,1.0,1.0
225.96755820629213,4.259178317664678,2.2119253716744054,1.0,0.0,0.0,1.0,1.0
15.992128729478177,0.6787853946758333,4.407752163398501,1.0,1.0,0.0,1.0,1.0
3.278302503245336,52.98642209695255,0.0541941861770149,1.0,0.0,0.0,1.0,1.0
2.231661132686385,0.1206045241286521,4.981204631192251,1.0,1.0,0.0,1.0,1.0
140.5142438822671,0.1613958768174753,3.4353532764819685,1.0,0.0,0.0,1.0,1.0
4.936319148054883,0.3127511683066157,6.691204921032703,1.0,1.0,0.0,1.0,1.0
133.11214340110618,0.048641133544017,0.3038669021659582,1.0,0.0,0.0,1.0,1.0
141.82106020578007,0.180984161628464,0.2636887926618144,1.0,0.0,0.0,1.0,1.0
0.8106868955177952,1.0411364670181498,8.42933588030977,0.0,0.0,0.0,1.0,1.0
1.3160463335277213,0.6726856876027134,48.64126450704611,0.0,1.0,0.0,1.0,1.0
182.57566375990368,13.225708051280508,0.6961263056100523,1.0,0.0,0.0,1.0,1.0
4.3294736944697,4.801010587092538,4.063869119833541,1.0,0.0,0.0,1.0,1.0
254.0269444938848,9.495556423016884,0.3810054357237122,1.0,0.0,0.0,1.0,1.0
6.55916390493854,11.733366033253292,34.446236789381906,1.0,0.0,0.0,1.0,1.0
50.62460517669873,0.4629354732695649,5.079397094264413,1.0,0.0,0.0,1.0,1.0
68.49821236181612,3.3001207463404167,5.55869881159233,1.0,0.0,0.0,1.0,1.0
17.340329432017466,0.0333376306357042,4.629708969679499,1.0,1.0,0.0,1.0,1.0
107.54527082140336,0.1069085418252463,0.3361794887658811,1.0,0.0,0.0,1.0,1.0
3.411472229382018,2.2094302319378576,4.801459992004789,1.0,1.0,0.0,1.0,1.0
129.94146739300675,1.3923528610002809,8.71960032587637,1.0,0.0,0.0,0.0,1.0
1.669665143747286,2.2035000666758635,4.343870591062364,0.0,0.0,0.0,0.0,1.0
4.903477756922821,0.0630529601324745,12.378051018088202,1.0,1.0,0.0,1.0,1.0
1.7439174718945325,0.7982127951538253,14.950060947256176,0.0,1.0,0.0,1.0,1.0
76.24024001073194,0.3424261531938667,4.82350189517079,1.0,0.0,0.0,1.0,1.0
7.651221256176573,13.046035892653489,5.889030740878795,1.0,0.0,0.0,1.0,1.0
73.83527513663893,14.720903675853108,4.749262657070979,1.0,0.0,0.0,1.0,1.0
2.050920200004441,1.6344918482397477,10.518323227394816,1.0,0.0,0.0,1.0,1.0
28.75492520646902,7.34413117954157,5.108844437709461,1.0,1.0,0.0,1.0,1.0
338.4284136509588,0.6467282655108457,8.917520818156286,1.0,0.0,0.0,1.0,1.0
10.37384612009771,0.2064679710078089,4.602898105044352,1.0,0.0,0.0,1.0,1.0
542.1152911394771,3.1638753010417906,0.44457198862571,1.0,0.0,0.0,1.0,1.0
22.286469693697164,2.165647040773666,8.707375522593193,1.0,0.0,0.0,1.0,1.0
113.2157290314783,0.2295255694590069,0.7044260177193585,1.0,0.0,0.0,1.0,1.0
132.64451007939053,3.3451323044823176,3.1705684725027594,1.0,0.0,0.0,1.0,1.0
0.8122031374148748,51.92484074206429,6.919771211263172,0.0,0.0,0.0,1.0,1.0
2.818300800226752,0.0593620485920489,4.310769633339021,1.0,0.0,0.0,1.0,1.0
22.21259237804316,0.1222988575305541,4.173271778645812,1.0,0.0,0.0,1.0,1.0
22.69674522055194,0.6535631259767355,4.661558809945227,1.0,1.0,0.0,1.0,1.0
34.71462949667597,0.4169147657867174,4.156827549677008,1.0,1.0,0.0,1.0,1.0
142.15857365879484,0.2031163117464648,1.0757296285133142,1.0,0.0,0.0,1.0,1.0
12.996514456950784,0.0758380035095253,5.104085587647276,1.0,1.0,0.0,1.0,1.0
1.425312564635998,539.0955626411484,1.9425690626860663,0.0,0.0,0.0,1.0,1.0
387.28179217883473,3.2870074383205314,0.5617805915252329,1.0,0.0,0.0,1.0,1.0
11.747159934210478,0.0599523989581766,7.677427030242264,1.0,0.0,0.0,1.0,1.0
9.739299849517096,5.849233681813976,5.7559727811895,1.0,0.0,0.0,1.0,1.0
40.8067440697734,5.883787357042221,4.399147033816084,1.0,1.0,0.0,1.0,1.0
168.61731459741657,1.5749536950960163,0.2748357117807414,1.0,0.0,0.0,1.0,1.0
207.22478722293928,4.470939128894865,1.2187539524002826,1.0,0.0,0.0,1.0,1.0
16.88632377244453,0.0567961633862464,5.525400751735923,1.0,0.0,0.0,1.0,1.0
8.922716746431528,0.1981502244660481,10.35883326905187,1.0,0.0,0.0,1.0,1.0
132.95411348089112,0.0284957106234648,8.384633649738829,1.0,0.0,0.0,0.0,1.0
170.2450371320349,8.085265535886087,0.0892131102939801,1.0,0.0,0.0,1.0,1.0
101.37646833143133,3.2038369648715177,4.317172140139389,1.0,0.0,0.0,1.0,1.0
153.97354650394672,2.9505289789644285,0.334297877030695,1.0,0.0,0.0,1.0,1.0
6.418795000373801,4.138037136497496,4.777413410150775,1.0,1.0,0.0,1.0,1.0
11.952705568651094,0.780557186071811,4.909450582327789,1.0,1.0,0.0,1.0,1.0
49.43349864725661,15.120158659909382,7.142656867775181,1.0,1.0,0.0,1.0,1.0
73.97596375985432,2.687693718754583,5.500080229563275,1.0,0.0,0.0,1.0,1.0
0.7931742806113833,3.252128757669816,19.13218679211155,0.0,0.0,0.0,1.0,1.0
221.43884670002527,1.138530525004016,4.256011734298704,1.0,0.0,0.0,0.0,1.0
15.693827683384832,0.3573120141277731,8.606710675818801,1.0,0.0,0.0,1.0,1.0
21.51163033883733,0.3904430720389085,5.8083215939627335,1.0,0.0,0.0,1.0,1.0
5.56758203270147,1.4867489454361942,17.589686107580302,1.0,1.0,0.0,1.0,1.0
4.323208400962949,0.5550808580106036,9.280859909104276,1.0,1.0,0.0,1.0,1.0
44.80470378540067,2.798128255987058,6.2587965035095445,1.0,0.0,0.0,1.0,1.0
3.1003630590961424,0.2004913325229542,5.944032795284531,1.0,0.0,0.0,1.0,1.0
22.49154286741394,0.4055225122561356,7.7514970273256765,1.0,1.0,0.0,1.0,1.0
1.6606781171028546,37.31076174203281,5.261858203268348,0.0,0.0,0.0,0.0,1.0
7.275719480031232,10.819704523680883,7.334067068816256,1.0,0.0,0.0,1.0,1.0
112.7917929063876,2.06360960266349,2.445794735702676,1.0,0.0,0.0,1.0,1.0
1.3573400452901845,0.5963205515905181,8.03870209864564,0.0,0.0,0.0,1.0,1.0
225.75196559347697,7.997875121190513,4.381759319464934,1.0,0.0,0.0,1.0,1.0
1.793073712207439,86.29066821359827,2.5805179073159312,0.0,0.0,0.0,1.0,1.0
200.56834107439457,5.03608094843712,4.776953034602488,1.0,0.0,0.0,0.0,1.0
1.3761905525605913,0.0420242483254179,14.999329268758569,0.0,0.0,0.0,1.0,1.0
3.6186365622510586,22.25054839330466,5.035377089366619,1.0,0.0,0.0,1.0,1.0
120.27206569511776,4.927281759676882,2.907379941509382,1.0,0.0,0.0,1.0,1.0
10.252364723781376,0.9763723698906676,4.684138303143491,1.0,0.0,0.0,1.0,1.0
3.040867275083567,2.5928323966189675,4.513554691171112,1.0,0.0,0.0,1.0,1.0
32.75130897839333,64.7094842356771,6.988710516607891,1.0,0.0,0.0,1.0,1.0
21.538092002702108,6.7569349525144,5.960182029580669,1.0,0.0,0.0,1.0,1.0
27.63495407575853,0.92024013746411,4.947510665848479,1.0,0.0,0.0,1.0,1.0
10.07576454692497,3.0056236687963693,6.224981110224501,1.0,0.0,0.0,1.0,1.0
2.0685665209193624,159.61636054235274,5.440555807849974,1.0,1.0,0.0,1.0,1.0
9.806734520726176,3.553911105989977,4.90681900194066,1.0,1.0,0.0,1.0,1.0
11.246341061393329,20.53311915791728,5.926962152541534,1.0,0.0,0.0,1.0,1.0
47.18495832339726,3.612016123069295,7.123377654841501,1.0,0.0,0.0,1.0,1.0
11.162961417868464,0.0299372894143004,7.994506908712135,1.0,0.0,0.0,1.0,1.0
249.13486827562448,3.70330206118504,1.580404324733844,1.0,0.0,0.0,1.0,1.0
112.94675833401874,1.5150864608274777,9.094499122931488,1.0,0.0,0.0,1.0,1.0
7.579357522215698,0.6766943851538232,7.455126961593056,1.0,0.0,0.0,1.0,1.0
152.27471993053717,0.1281171812302738,0.809960462658138,1.0,0.0,0.0,1.0,1.0
13.760542006534232,0.2642520431144909,4.657379774221491,1.0,0.0,0.0,1.0,1.0
7.043962103288786,3.7639373638562312,4.431208707733172,1.0,0.0,0.0,1.0,1.0
9.496039089749106,0.1707371944586069,4.583948762597697,1.0,0.0,0.0,1.0,1.0
22.55860045798132,1.6436909060060334,6.2014694596362645,1.0,0.0,0.0,1.0,1.0
2.602184643889271,0.5311836693365506,14.92930452941212,1.0,0.0,0.0,1.0,1.0
13.351655545655536,1.5719582274822723,5.656858183034409,1.0,0.0,0.0,1.0,1.0
0.8810087670198629,0.0141460190814822,4.493496325476497,0.0,1.0,0.0,1.0,1.0
23.205286486707006,1.6728078764865066,4.413160728942894,1.0,0.0,0.0,1.0,1.0
248.382718631696,0.6238052272431069,0.2400719172593815,1.0,0.0,0.0,1.0,1.0
23.458496789216955,0.3405324439287423,4.919459214829713,1.0,1.0,0.0,1.0,1.0
37.67930171243152,0.643045039733496,6.77745248830058,1.0,0.0,0.0,1.0,1.0
8.45434153836248,0.3292184895527687,7.486971656544158,1.0,0.0,0.0,1.0,1.0
102.5490454935385,2.416618184555395,0.661875248609406,1.0,0.0,0.0,1.0,1.0
0.6680657458838454,3.2331209392962923,14.00296911026368,0.0,0.0,0.0,1.0,1.0
127.9503495604509,7.480950516736094,1.2076499685627038,1.0,0.0,0.0,1.0,1.0
13.197982993596806,3.154199689387052,4.241195524492101,1.0,0.0,0.0,1.0,1.0
175.31763390516406,0.9689890684703532,0.8657817510839654,1.0,0.0,0.0,1.0,1.0
109.87974964100698,0.1170382182162176,0.39636996859667,1.0,0.0,0.0,1.0,1.0
3.9858048645018767,0.1327670247472599,4.531122437671549,1.0,0.0,0.0,1.0,1.0
1.0566287307083335,66.71289605834907,0.4026319356567276,0.0,0.0,0.0,1.0,1.0
117.44253364881388,0.032647080223721,0.2853507246596526,1.0,0.0,0.0,1.0,1.0
24.646570484836115,5.252244399032561,5.0525981234115225,1.0,1.0,0.0,1.0,1.0
1.809434756851127,6.503267316393741,6.127542492249491,0.0,0.0,0.0,1.0,1.0
3.737437224897806,57.30588218557659,0.7926805173229575,1.0,0.0,0.0,1.0,1.0
18.7646160714782,0.3319120975145117,5.490728776549294,1.0,0.0,0.0,1.0,1.0
108.59625950346972,9.237525809937248,6.642553580646072,1.0,1.0,0.0,0.0,1.0
28.49698775965428,0.7136445218373948,4.748744516432225,1.0,0.0,0.0,1.0,1.0
63.877241667933525,0.3073020672837714,6.804664444596477,1.0,0.0,0.0,1.0,1.0
28.5614574254116,2.641044475942218,6.918030507112909,1.0,0.0,0.0,1.0,1.0
97.4003345191695,0.2595184096830303,25.885886231872767,1.0,0.0,0.0,1.0,1.0
1.4444492207247697,275.81387187764983,5.836802114087862,0.0,0.0,0.0,0.0,1.0
132.33083953006002,0.117479130425085,3.1253378386546284,1.0,0.0,0.0,1.0,1.0
24.726429559798053,4.176605674125527,4.514521463812756,1.0,0.0,0.0,1.0,1.0
9.14489684026853,0.0917425647685905,4.279295550846375,1.0,1.0,0.0,1.0,1.0
