{
    "METADATA_SPEC_VERSION": "SINGLE_TABLE_V1",
    "columns": {
        "age": {
            "sdtype": "numerical",
            "computer_representation": "Int32"
        },
        "sex": {
            "sdtype": "numerical",
            "computer_representation": "Int32"
        },
        "cp": {
            "sdtype": "numerical",
            "computer_representation": "Int32"
        },
        "trestbps": {
            "sdtype": "numerical",
            "computer_representation": "Int32"
        },
        "chol": {
            "sdtype": "numerical",
            "computer_representation": "Int32"
        },
        "fbs": {
            "sdtype": "numerical",
            "computer_representation": "Int32"
        },
        "restecg": {
            "sdtype": "numerical",
            "computer_representation": "Int32"
        },
        "thalach": {
            "sdtype": "numerical",
            "computer_representation": "Int32"
        },
        "exang": {
            "sdtype": "numerical",
            "computer_representation": "Int32"
        },
        "oldpeak": {
            "sdtype": "numerical",
            "computer_representation": "Float"
        },
        "slope": {
            "sdtype": "numerical",
            "computer_representation": "Int32"
        },
        "ca": {
            "sdtype": "numerical",
            "computer_representation": "Int32"
        },
        "thal": {
            "sdtype": "numerical",
            "computer_representation": "Int32"
        },
        "condition": {
            "sdtype": "numerical",
            "computer_representation": "Int32"
        }
    }
}